// Image: lander_flux_128x160
// Size: 128x160
// Array size: 40.0 KB

#ifndef TITLESCREEN_H
#define TITLESCREEN_H

const int LANDER_FLUX_128X160_WIDTH = 128;
const int LANDER_FLUX_128X160_HEIGHT = 160;

const uint16_t lander_flux_128x160_data[20480] PROGMEM = {
  0x0044, 0x0044, 0x0044, 0x0044, 0x0044, 0x0044, 0x0044, 0x0044, 0x0044, 0x0044, 0x0044, 0x0044,
  0x0044, 0x0044, 0x0044, 0x0044, 0x0044, 0x0044, 0x0044, 0x0044, 0x0044, 0x0044, 0x0044, 0x0044,
  0x0044, 0x0044, 0x0044, 0x0044, 0x0044, 0x0044, 0x0044, 0x0044, 0x0044, 0x0044, 0x0044, 0x0044,
  0x0044, 0x0044, 0x0044, 0x0044, 0x0044, 0x0044, 0x0044, 0x0044, 0x0044, 0x0044, 0x0044, 0x0044,
  0x0044, 0x0044, 0x0044, 0x0044, 0x0044, 0x0044, 0x0044, 0x0044, 0x0044, 0x0044, 0x0044, 0x0044,
  0x0044, 0x0044, 0x0044, 0x0044, 0x0044, 0x0044, 0x0044, 0x0044, 0x0044, 0x0044, 0x0044, 0x0044,
  0x0044, 0x0044, 0x0044, 0x0044, 0x0044, 0x0044, 0x0044, 0x0044, 0x0044, 0x0044, 0x0044, 0x0044,
  0x0044, 0x0044, 0x0044, 0x0044, 0x0044, 0x0044, 0x0044, 0x0044, 0x0044, 0x0044, 0x0044, 0x0044,
  0x0044, 0x0044, 0x0044, 0x0044, 0x0044, 0x0044, 0x0044, 0x0044, 0x0044, 0x0044, 0x0044, 0x0044,
  0x0044, 0x0044, 0x0044, 0x0044, 0x0044, 0x0044, 0x0044, 0x0044, 0x0044, 0x0044, 0x0044, 0x0044,
  0x0044, 0x0044, 0x0044, 0x0044, 0x0044, 0x0044, 0x0044, 0x0044, 0x0044, 0x0044, 0x0044, 0x0044,
  0x0044, 0x0044, 0x0044, 0x0044, 0x0044, 0x0044, 0x0044, 0x0044, 0x0044, 0x0044, 0x0044, 0x0044,
  0x0044, 0x0044, 0x0044, 0x0044, 0x0044, 0x0044, 0x0044, 0x0044, 0x0044, 0x0044, 0x0044, 0x0044,
  0x0044, 0x0044, 0x0044, 0x0044, 0x0044, 0x0044, 0x0044, 0x0044, 0x0044, 0x0044, 0x0044, 0x0044,
  0x0044, 0x0044, 0x0044, 0x0044, 0x0044, 0x0044, 0x0044, 0x0044, 0x0044, 0x0044, 0x0044, 0x0044,
  0x0044, 0x0044, 0x0044, 0x0044, 0x0044, 0x0044, 0x0044, 0x0044, 0x0044, 0x0044, 0x0044, 0x0044,
  0x0044, 0x0044, 0x0044, 0x0044, 0x0044, 0x0044, 0x0044, 0x0044, 0x0044, 0x0044, 0x0044, 0x0044,
  0x0044, 0x0044, 0x0044, 0x0044, 0x0044, 0x0044, 0x0044, 0x0044, 0x0044, 0x0044, 0x0044, 0x0044,
  0x0044, 0x0044, 0x0044, 0x0044, 0x0044, 0x0044, 0x0044, 0x0044, 0x0044, 0x0044, 0x0044, 0x0044,
  0x0044, 0x0044, 0x0044, 0x0044, 0x0044, 0x0044, 0x0044, 0x0044, 0x0044, 0x0044, 0x0044, 0x0044,
  0x0044, 0x0044, 0x0044, 0x0044, 0x0044, 0x0044, 0x0044, 0x0044, 0x0044, 0x0044, 0x0044, 0x0044,
  0x0044, 0x0044, 0x0044, 0x0044, 0x0044, 0x0044, 0x0044, 0x0044, 0x0044, 0x0044, 0x0044, 0x0044,
  0x0044, 0x0044, 0x0044, 0x0044, 0x0044, 0x0044, 0x0044, 0x0044, 0x0044, 0x0044, 0x0044, 0x0044,
  0x0044, 0x0044, 0x0044, 0x0044, 0x0044, 0x0044, 0x0044, 0x0044, 0x0044, 0x0044, 0x0044, 0x0044,
  0x0044, 0x0044, 0x0044, 0x0044, 0x0044, 0x0044, 0x0044, 0x0044, 0x0044, 0x0044, 0x0044, 0x0044,
  0x0044, 0x0044, 0x0044, 0x0044, 0x0044, 0x0044, 0x0044, 0x0044, 0x0044, 0x0044, 0x0044, 0x0044,
  0x0044, 0x0044, 0x0044, 0x0044, 0x0044, 0x0044, 0x0044, 0x0044, 0x0044, 0x0044, 0x0044, 0x0044,
  0x0044, 0x0044, 0x0044, 0x0044, 0x0044, 0x0044, 0x0044, 0x0044, 0x0044, 0x0044, 0x0044, 0x0044,
  0x0044, 0x0044, 0x0044, 0x0044, 0x0044, 0x0044, 0x0044, 0x0044, 0x0044, 0x0044, 0x0044, 0x0044,
  0x0044, 0x0044, 0x0044, 0x0044, 0x0044, 0x0044, 0x0044, 0x0044, 0x0044, 0x0044, 0x0044, 0x0044,
  0x0044, 0x0044, 0x0044, 0x0044, 0x0044, 0x0044, 0x0044, 0x0044, 0x0044, 0x0044, 0x0044, 0x0044,
  0x0044, 0x0044, 0x0044, 0x0044, 0x0044, 0x0044, 0x0044, 0x0044, 0x0044, 0x0044, 0x0044, 0x0044,
  0x0044, 0x0044, 0x0044, 0x0044, 0x0044, 0x0044, 0x0044, 0x0044, 0x0044, 0x0044, 0x0044, 0x0044,
  0x0044, 0x0044, 0x0044, 0x0044, 0x0044, 0x0044, 0x0044, 0x0044, 0x0044, 0x0044, 0x0044, 0x0044,
  0x0044, 0x0044, 0x0044, 0x0044, 0x0044, 0x0044, 0x0044, 0x0044, 0x0044, 0x0044, 0x0044, 0x0044,
  0x0044, 0x0044, 0x0044, 0x0044, 0x0044, 0x0044, 0x0044, 0x0044, 0x0044, 0x0044, 0x0044, 0x0044,
  0x0044, 0x0044, 0x0044, 0x0044, 0x0044, 0x0044, 0x0044, 0x0044, 0x0044, 0x0044, 0x0044, 0x0044,
  0x0044, 0x0044, 0x0044, 0x0044, 0x0844, 0x0844, 0x0044, 0x0044, 0x0044, 0x0044, 0x0044, 0x0044,
  0x0044, 0x0044, 0x0044, 0x0044, 0x0044, 0x0044, 0x0044, 0x0044, 0x0044, 0x0044, 0x0044, 0x0044,
  0x0044, 0x0044, 0x0044, 0x0044, 0x0044, 0x0044, 0x0044, 0x0044, 0x0044, 0x0044, 0x0044, 0x0044,
  0x0044, 0x0044, 0x0044, 0x0044, 0x0044, 0x0044, 0x0044, 0x0044, 0x0044, 0x0044, 0x0044, 0x0044,
  0x0044, 0x0044, 0x0044, 0x0044, 0x0044, 0x0044, 0x0044, 0x0044, 0x0044, 0x0044, 0x0044, 0x0044,
  0x0044, 0x0044, 0x0044, 0x0044, 0x0044, 0x0044, 0x0044, 0x0044, 0x0044, 0x0044, 0x0044, 0x0044,
  0x0044, 0x0044, 0x0044, 0x0044, 0x0044, 0x0044, 0x0044, 0x0044, 0x0044, 0x0044, 0x0044, 0x0044,
  0x0044, 0x0044, 0x0044, 0x0044, 0x0044, 0x0044, 0x0044, 0x0044, 0x0044, 0x0044, 0x0044, 0x0044,
  0x0044, 0x0044, 0x0044, 0x0044, 0x0044, 0x0044, 0x0044, 0x0044, 0x0044, 0x0044, 0x0044, 0x0044,
  0x0044, 0x0044, 0x0044, 0x0044, 0x0044, 0x0044, 0x0044, 0x0044, 0x0044, 0x0044, 0x0044, 0x0044,
  0x0044, 0x0044, 0x0044, 0x0044, 0x0044, 0x0044, 0x0044, 0x0044, 0x0044, 0x0044, 0x0044, 0x0044,
  0x0844, 0x0844, 0x0844, 0x0044, 0x0044, 0x0044, 0x0044, 0x0044, 0x0044, 0x0044, 0x0044, 0x0044,
  0x0044, 0x0044, 0x0044, 0x0044, 0x0044, 0x0044, 0x0044, 0x0044, 0x0044, 0x0044, 0x0044, 0x0044,
  0x0044, 0x0044, 0x0044, 0x0044, 0x0044, 0x0044, 0x0044, 0x0044, 0x0044, 0x0044, 0x0044, 0x0044,
  0x0044, 0x0044, 0x0044, 0x0044, 0x0044, 0x0044, 0x0044, 0x0044, 0x0044, 0x0044, 0x0044, 0x0044,
  0x0044, 0x0044, 0x0044, 0x0044, 0x0044, 0x0044, 0x0044, 0x0044, 0x0044, 0x0044, 0x0044, 0x0044,
  0x0044, 0x0044, 0x0044, 0x0044, 0x0044, 0x0044, 0x0044, 0x0044, 0x0044, 0x0044, 0x0044, 0x0044,
  0x0044, 0x0044, 0x0044, 0x0044, 0x0044, 0x0044, 0x0044, 0x0044, 0x0044, 0x0044, 0x0044, 0x0044,
  0x0044, 0x0044, 0x0044, 0x0044, 0x0044, 0x0044, 0x0044, 0x0044, 0x0044, 0x0044, 0x0044, 0x0044,
  0x0044, 0x0044, 0x0044, 0x0044, 0x0044, 0x0044, 0x0044, 0x0044, 0x0044, 0x0044, 0x0044, 0x0044,
  0x0044, 0x0044, 0x0044, 0x0044, 0x0044, 0x0044, 0x0044, 0x0044, 0x0044, 0x0044, 0x0044, 0x0044,
  0x0044, 0x0044, 0x0044, 0x0044, 0x0044, 0x0044, 0x0844, 0x0844, 0x0844, 0x0844, 0x0044, 0x0044,
  0x0044, 0x0044, 0x0044, 0x0044, 0x0044, 0x0044, 0x0044, 0x0044, 0x0044, 0x0844, 0x0044, 0x0044,
  0x0044, 0x0044, 0x0044, 0x0044, 0x0044, 0x0044, 0x0044, 0x0044, 0x0044, 0x0044, 0x0044, 0x0044,
  0x0044, 0x0044, 0x0044, 0x0044, 0x0044, 0x0044, 0x0044, 0x0044, 0x0044, 0x0044, 0x0044, 0x0044,
  0x0044, 0x0044, 0x0044, 0x0044, 0x0044, 0x0044, 0x0044, 0x0044, 0x0044, 0x0044, 0x0044, 0x0044,
  0x0044, 0x0044, 0x0044, 0x0044, 0x0044, 0x0044, 0x0044, 0x0044, 0x0044, 0x0044, 0x0044, 0x0044,
  0x0044, 0x0044, 0x0044, 0x0044, 0x0044, 0x0044, 0x0044, 0x0044, 0x0044, 0x0044, 0x0044, 0x0044,
  0x0044, 0x0044, 0x0044, 0x0044, 0x0044, 0x0044, 0x0044, 0x0044, 0x0044, 0x0044, 0x0044, 0x0044,
  0x0044, 0x0044, 0x0044, 0x0044, 0x0044, 0x0044, 0x0044, 0x0044, 0x0044, 0x0044, 0x0044, 0x0044,
  0x0044, 0x0044, 0x0044, 0x0044, 0x0044, 0x0043, 0x0043, 0x0044, 0x0843, 0x0843, 0x0843, 0x0844,
  0x0844, 0x0844, 0x0044, 0x0043, 0x0043, 0x0043, 0x0043, 0x0043, 0x0044, 0x0044, 0x0043, 0x0044,
  0x0043, 0x0044, 0x0043, 0x0043, 0x0043, 0x0044, 0x0044, 0x0044, 0x0044, 0x0024, 0x0044, 0x0044,
  0x0044, 0x0044, 0x0044, 0x0044, 0x0044, 0x0044, 0x0843, 0x0043, 0x0043, 0x0023, 0x0043, 0x0844,
  0x0844, 0x0843, 0x0844, 0x0044, 0x0044, 0x0044, 0x0044, 0x0044, 0x0044, 0x0044, 0x0044, 0x0044,
  0x0044, 0x0044, 0x0044, 0x0044, 0x0044, 0x0044, 0x0044, 0x0044, 0x0044, 0x0044, 0x0044, 0x0044,
  0x0044, 0x0044, 0x0044, 0x0044, 0x0044, 0x0044, 0x0044, 0x0044, 0x0044, 0x0044, 0x0044, 0x0044,
  0x0044, 0x0044, 0x0044, 0x0044, 0x0044, 0x0044, 0x0044, 0x0044, 0x0044, 0x0044, 0x0044, 0x0044,
  0x0044, 0x0044, 0x0044, 0x0044, 0x0044, 0x0044, 0x0044, 0x0044, 0x0044, 0x0044, 0x0044, 0x0044,
  0x0044, 0x0044, 0x0044, 0x0044, 0x0044, 0x0044, 0x0044, 0x0044, 0x0044, 0x0044, 0x0044, 0x0044,
  0x0044, 0x0044, 0x0044, 0x0044, 0x0044, 0x0044, 0x0044, 0x0064, 0x0084, 0x0084, 0x0084, 0x0044,
  0x0043, 0x08A5, 0x08C5, 0x08C5, 0x08A5, 0x08C6, 0x08C6, 0x08C6, 0x08C6, 0x08C6, 0x08E6, 0x08C5,
  0x0044, 0x0044, 0x08C5, 0x08E6, 0x08E6, 0x08E6, 0x08E6, 0x08E6, 0x08E7, 0x08E6, 0x08E7, 0x08E6,
  0x08E6, 0x08E6, 0x08E6, 0x08E6, 0x08E6, 0x08E6, 0x0085, 0x0044, 0x0044, 0x0044, 0x0044, 0x0043,
  0x08A5, 0x08E6, 0x08E6, 0x08E6, 0x08C6, 0x08C6, 0x08C6, 0x08C6, 0x08C5, 0x08C5, 0x08A5, 0x08A5,
  0x0064, 0x0044, 0x0044, 0x0044, 0x0044, 0x0064, 0x0064, 0x0064, 0x0044, 0x0043, 0x0044, 0x0044,
  0x0044, 0x0044, 0x0044, 0x0044, 0x0044, 0x0044, 0x0044, 0x0044, 0x0044, 0x0044, 0x0044, 0x0044,
  0x0044, 0x0044, 0x0044, 0x0044, 0x0044, 0x0044, 0x0044, 0x0044, 0x0044, 0x0044, 0x0044, 0x0044,
  0x0044, 0x0044, 0x0044, 0x0044, 0x0044, 0x0044, 0x0044, 0x0044, 0x0044, 0x0044, 0x0044, 0x0044,
  0x0044, 0x0044, 0x0044, 0x0044, 0x0044, 0x0044, 0x0044, 0x0044, 0x0044, 0x08E6, 0x0928, 0x0948,
  0x0948, 0x00A5, 0x0044, 0x0044, 0x0044, 0x0044, 0x0044, 0x00C6, 0x11AA, 0x11CB, 0x11CB, 0x120C,
  0x0969, 0x0044, 0x0928, 0x226E, 0x32D0, 0x3310, 0x2AF0, 0x0989, 0x120C, 0x3B52, 0x43B3, 0x43B3,
  0x3372, 0x43D4, 0x4BB3, 0x4BB3, 0x4BB3, 0x53B3, 0x4BB4, 0x3B93, 0x1A4D, 0x1A2C, 0x3B52, 0x53B3,
  0x5392, 0x5392, 0x5392, 0x5392, 0x5B92, 0x5372, 0x4394, 0x5393, 0x5B92, 0x5B72, 0x5B72, 0x5B92,
  0x5392, 0x4B93, 0x32F0, 0x1189, 0x0064, 0x0044, 0x0023, 0x0947, 0x3311, 0x53B3, 0x53D4, 0x53D3,
  0x53D3, 0x53B3, 0x53B3, 0x4BB3, 0x3BB4, 0x4393, 0x4393, 0x3B72, 0x1A4C, 0x0084, 0x0044, 0x0044,
  0x11CB, 0x2AAF, 0x2A8F, 0x228F, 0x11CA, 0x0085, 0x11A9, 0x1A0C, 0x11EB, 0x11CB, 0x11AA, 0x118A,
  0x1189, 0x0948, 0x0044, 0x08C6, 0x0969, 0x0969, 0x0969, 0x0907, 0x0064, 0x0044, 0x0044, 0x0044,
  0x0044, 0x0044, 0x0044, 0x0044, 0x0044, 0x0044, 0x0044, 0x0044, 0x0044, 0x0044, 0x0044, 0x0044,
  0x0044, 0x0044, 0x0044, 0x0044, 0x0044, 0x0044, 0x0044, 0x0044, 0x0044, 0x0044, 0x0044, 0x0044,
  0x0044, 0x0044, 0x0044, 0x0044, 0x0968, 0x2AD0, 0x42D0, 0x4AD0, 0x4352, 0x124D, 0x0023, 0x0044,
  0x0044, 0x0044, 0x0024, 0x1A6E, 0x63D2, 0x8C51, 0x8C51, 0x7413, 0x3373, 0x00A6, 0x1AD0, 0x7BD2,
  0x9BEF, 0xA40F, 0x7BF2, 0x3333, 0x43B4, 0x93EE, 0xAC0D, 0xA40D, 0x6B30, 0xAC2D, 0xBC4B, 0xBC2B,
  0xBC2A, 0xC44A, 0xBC2B, 0xAC0E, 0x73B2, 0x3BB5, 0x9410, 0xC44A, 0xCC49, 0xCC48, 0xCC28, 0xCC48,
  0xCC69, 0xC469, 0xA3CB, 0xC48A, 0xCC68, 0xCC28, 0xCC28, 0xCC28, 0xCC48, 0xC42B, 0x93D0, 0x4B72,
  0x1127, 0x0043, 0x0003, 0x2AEF, 0x6392, 0xBC6B, 0xC44A, 0xC44A, 0xC44A, 0xC44B, 0xBC4B, 0xBC6C,
  0x938D, 0xA3ED, 0xAC0D, 0x9BED, 0x4BB3, 0x0969, 0x0023, 0x00A5, 0x3BB3, 0x83D1, 0x9C10, 0x8C12,
  0x4BB4, 0x11EB, 0x4392, 0x7C53, 0x8432, 0x73D2, 0x6B91, 0x73D1, 0x6BB1, 0x4351, 0x11CA, 0x228E,
  0x4B32, 0x5331, 0x4331, 0x3310, 0x1147, 0x0044, 0x0044, 0x0044, 0x0044, 0x0044, 0x0044, 0x0044,
  0x0044, 0x0044, 0x0044, 0x0044, 0x0044, 0x0044, 0x0044, 0x0044, 0x0044, 0x0044, 0x0044, 0x0044,
  0x0044, 0x0044, 0x0044, 0x0044, 0x0044, 0x0044, 0x0044, 0x0044, 0x0044, 0x0044, 0x0044, 0x0064,
  0x2A8E, 0x8412, 0xBC0A, 0xCC69, 0x9BEF, 0x2311, 0x0024, 0x0044, 0x0044, 0x0023, 0x0148, 0x4352,
  0xC46B, 0xE427, 0xE426, 0xCC69, 0x5394, 0x0A0C, 0x2AF1, 0xBCAD, 0xE3E5, 0xEBE5, 0xD449, 0x6C15,
  0x5C56, 0xD4A9, 0xEC06, 0xE4E9, 0x92C9, 0xE4C8, 0xEBE5, 0xEC05, 0xEC25, 0xEC45, 0xF405, 0xEC05,
  0xD469, 0x8350, 0xBC6C, 0xEC25, 0xF3E4, 0xF466, 0xEC66, 0xEC66, 0xEC86, 0xECC7, 0xCCA8, 0xE4C8,
  0xF3C4, 0xF405, 0xEC66, 0xEC66, 0xF465, 0xF3C4, 0xE467, 0x9411, 0x32CF, 0x0064, 0x0002, 0x2B30,
  0x836F, 0xECE7, 0xF3A4, 0xF405, 0xF425, 0xEC25, 0xEC05, 0xECA6, 0xD468, 0xE4C9, 0xEBE5, 0xDCA7,
  0x63D3, 0x1A0C, 0x0003, 0x00C6, 0x4BB3, 0xCC89, 0xE405, 0xDC88, 0x73D2, 0x22AF, 0x6391, 0xCC8A,
  0xDC06, 0xD467, 0xC407, 0xD487, 0xD447, 0xA3EE, 0x2B73, 0x4B73, 0xBC2C, 0xCC09, 0xC44A, 0x8453,
  0x224C, 0x0064, 0x0044, 0x0044, 0x0044, 0x0044, 0x0044, 0x0044, 0x0044, 0x0044, 0x0044, 0x0044,
  0x0044, 0x0044, 0x0044, 0x0044, 0x0044, 0x0044, 0x0044, 0x0044, 0x0044, 0x0044, 0x0044, 0x0044,
  0x0044, 0x0044, 0x0044, 0x0044, 0x0044, 0x0044, 0x0044, 0x0084, 0x3B30, 0xA40F, 0xEC04, 0xEC64,
  0xA3EC, 0x22F0, 0x0023, 0x0044, 0x0044, 0x0023, 0x126E, 0x836F, 0xECE8, 0xF362, 0xF362, 0xECE6,
  0x8350, 0x2332, 0x3312, 0xCCCC, 0xEB82, 0xF361, 0xECC5, 0xA40F, 0x6C14, 0xDCC7, 0xEBE2, 0xE4E8,
  0x9AC9, 0xE4C7, 0xF403, 0xED27, 0xD468, 0xD468, 0xE4C7, 0xF424, 0xEC85, 0xC449, 0xC448, 0xF484,
  0xF505, 0xDD48, 0xC448, 0xC448, 0xC448, 0xBC08, 0xB3C9, 0xE508, 0xF464, 0xED67, 0xCC68, 0xC428,
  0xDCE8, 0xF4E5, 0xF4E5, 0xBC6B, 0x43B3, 0x0085, 0x0002, 0x2B10, 0x8390, 0xECE6, 0xF463, 0xED47,
  0xDCC8, 0xDCC8, 0xDCC8, 0xDCE8, 0xC408, 0xDCC8, 0xF403, 0xE4C6, 0x73D2, 0x226D, 0x0002, 0x00A5,
  0x4BB3, 0xCCA9, 0xF424, 0xECC6, 0x7BD1, 0x2B11, 0x5B71, 0xD469, 0xEBA3, 0xE4C6, 0xB367, 0xE4C7,
  0xEBC4, 0xDC68, 0x73B2, 0x9410, 0xE4C7, 0xF3C3, 0xDCA7, 0x7C32, 0x22AE, 0x0064, 0x0044, 0x0044,
  0x0044, 0x0044, 0x0044, 0x0044, 0x0044, 0x0044, 0x0044, 0x0044, 0x0844, 0x0844, 0x0044, 0x0044,
  0x0044, 0x0044, 0x0044, 0x0044, 0x0044, 0x0044, 0x0044, 0x0044, 0x0044, 0x0044, 0x0044, 0x0044,
  0x0044, 0x0044, 0x0044, 0x00A5, 0x4371, 0xB42C, 0xF4A4, 0xF505, 0x9BCC, 0x22F0, 0x0003, 0x0044,
  0x0044, 0x0107, 0x32F1, 0xC50C, 0xF545, 0xF524, 0xF543, 0xF5A4, 0xB48D, 0x3375, 0x4353, 0xCD2B,
  0xF563, 0xF563, 0xF5C4, 0xDD48, 0x932C, 0xE587, 0xF5A3, 0xE588, 0x9B08, 0xEDC7, 0xF604, 0xD548,
  0x628D, 0x4A0D, 0xB44A, 0xEDE6, 0xF5E5, 0xD527, 0xCCC7, 0xF645, 0xF686, 0xC4A8, 0x7A87, 0x7AA8,
  0x7A88, 0x59EA, 0x8B6C, 0xEE28, 0xF665, 0xE608, 0x726B, 0x424D, 0xABC9, 0xF667, 0xF645, 0xC509,
  0x53D3, 0x00A5, 0x0002, 0x2AF0, 0x7BB1, 0xEDC5, 0xFE44, 0xDD68, 0x7A68, 0x69C9, 0x69C9, 0x61A9,
  0x622B, 0xD529, 0xF5E4, 0xEDC6, 0x7BD2, 0x2ACF, 0x0002, 0x00A5, 0x4BB3, 0xC4CA, 0xF5A4, 0xEDA5,
  0x8BF0, 0x3372, 0x5372, 0xD4EA, 0xF523, 0xED87, 0x932A, 0xB3EA, 0xED05, 0xECE4, 0xCCC9, 0xD549,
  0xF4E4, 0xECA4, 0xBC2A, 0x4B93, 0x1A4C, 0x0064, 0x0044, 0x0044, 0x0044, 0x0044, 0x0044, 0x0044,
  0x0044, 0x0044, 0x0844, 0x0844, 0x0844, 0x0044, 0x0044, 0x0044, 0x0044, 0x0044, 0x0044, 0x0044,
  0x0044, 0x0044, 0x0044, 0x0044, 0x0044, 0x0044, 0x0044, 0x0044, 0x0044, 0x0044, 0x0044, 0x00A5,
  0x4B92, 0xBCCA, 0xFE45, 0xF666, 0x8BAE, 0x22F0, 0x0003, 0x0044, 0x0044, 0x0A2C, 0x73B1, 0xE68A,
  0xFEC6, 0xF687, 0xF6A7, 0xFF07, 0xDE2C, 0x53B5, 0x4BB5, 0xD5CB, 0xFF48, 0xFF48, 0xFF47, 0xF709,
  0xCD09, 0xEE89, 0xFF69, 0xE609, 0x9B29, 0xF6EA, 0xFFAB, 0xD5AA, 0x5415, 0x3393, 0xACD0, 0xF72C,
  0xFF6C, 0xDD89, 0xD569, 0xFF8C, 0xFF8D, 0xEECD, 0xE66C, 0xE66C, 0xE64C, 0x9C10, 0x8433, 0xEEEC,
  0xFFAC, 0xEEAB, 0x9C50, 0x8CB3, 0xBCCC, 0xFF6C, 0xFFAB, 0xC5AB, 0x53F3, 0x00A5, 0x0002, 0x2ACF,
  0x7BD1, 0xEEA9, 0xFFAB, 0xEECB, 0xCD6B, 0xC52A, 0xC50A, 0x9BAB, 0x5393, 0xCDAB, 0xFF8A, 0xF6C9,
  0x83F1, 0x3310, 0x0002, 0x0084, 0x4BB3, 0xC50A, 0xFF48, 0xF709, 0x942F, 0x3BB3, 0x4372, 0xCDAC,
  0xF728, 0xF6E9, 0x9470, 0x6330, 0xD4E8, 0xFEA5, 0xF6C6, 0xFEC6, 0xFE84, 0xE5A7, 0x7B4E, 0x2B72,
  0x0947, 0x0044, 0x0044, 0x0044, 0x0044, 0x0044, 0x0044, 0x0044, 0x0044, 0x0044, 0x0844, 0x0844,
  0x0044, 0x0044, 0x0044, 0x0044, 0x0044, 0x0044, 0x0044, 0x0044, 0x0044, 0x0044, 0x0044, 0x0044,
  0x0044, 0x0044, 0x0044, 0x0044, 0x0044, 0x0044, 0x0044, 0x08C6, 0x53B2, 0xCD6B, 0xFF8D, 0xF6EB,
  0x7BB0, 0x22CF, 0x0002, 0x0044, 0x00E6, 0x3310, 0xB530, 0xF74C, 0xFF6C, 0xDD68, 0xE64B, 0xFF8E,
  0xEEEE, 0x8434, 0x5436, 0xDE0D, 0xFF4F, 0xF74D, 0xF72B, 0xFF4E, 0xF6AC, 0xF6EC, 0xF72E, 0xE5EC,
  0xA349, 0xF6AD, 0xF72E, 0xCD6B, 0x4BD3, 0x2AEF, 0xAD11, 0xF6AE, 0xF6EE, 0xDD8A, 0xD52A, 0xF6CE,
  0xF6EE, 0xFF2E, 0xFF2E, 0xF70D, 0xF6EC, 0xAC90, 0x8C33, 0xEE4C, 0xF6AD, 0xF64B, 0xED8B, 0xE58B,
  0xEDAB, 0xF68D, 0xF6ED, 0xC52C, 0x4BF4, 0x00A5, 0x0002, 0x22CF, 0x7BF2, 0xEE6B, 0xF6ED, 0xF6ED,
  0xF6CD, 0xF6CC, 0xF6CC, 0xCD4C, 0x6C35, 0xCD6C, 0xFF2D, 0xF6AC, 0x8BD1, 0x3351, 0x0002, 0x0064,
  0x4BB3, 0xBCCB, 0xFF6E, 0xFF4F, 0x9C0E, 0x33B3, 0x4372, 0xCDCF, 0xFF90, 0xF74E, 0x9CD1, 0x3BD4,
  0x8B2C, 0xEE6A, 0xFFAD, 0xFFAD, 0xFF4B, 0xC4A9, 0x3B11, 0x1A6D, 0x0064, 0x0043, 0x0044, 0x0044,
  0x0044, 0x0044, 0x0044, 0x0044, 0x0044, 0x0044, 0x0844, 0x0044, 0x0044, 0x0044, 0x0044, 0x0044,
  0x0044, 0x0044, 0x0044, 0x0044, 0x0044, 0x0044, 0x0044, 0x0044, 0x0044, 0x0044, 0x0044, 0x0044,
  0x0044, 0x0044, 0x0044, 0x0907, 0x5C13, 0xCD4B, 0xF66C, 0xEE0B, 0x7BF2, 0x22AD, 0x0002, 0x0043,
  0x11A9, 0x6BF3, 0xD52B, 0xED48, 0xEDC9, 0xBBA6, 0xD529, 0xED68, 0xE528, 0xACD1, 0x6C35, 0xDD4C,
  0xEC88, 0xE548, 0xE569, 0xED08, 0xF4E7, 0xF528, 0xEC87, 0xDCE9, 0xA2E8, 0xED09, 0xECA7, 0xCCAA,
  0x4BD4, 0x2B11, 0xACF1, 0xECA7, 0xEC66, 0xDCE9, 0xD468, 0xEC66, 0xECE7, 0xD54A, 0xC48A, 0xC469,
  0xBC49, 0x7370, 0x8C53, 0xE4E9, 0xF3C5, 0xF446, 0xEC66, 0xEC25, 0xF384, 0xF466, 0xE528, 0x8B6D,
  0x43F4, 0x00A5, 0x0002, 0x22AE, 0x7BB2, 0xE4E7, 0xEC46, 0xED89, 0xE568, 0xE568, 0xE589, 0xC4AB,
  0x6435, 0xC48B, 0xF4A7, 0xF549, 0x93B0, 0x3352, 0x0064, 0x00A5, 0x43B3, 0xABEB, 0xF549, 0xF549,
  0xA3AC, 0x3BD4, 0x3B72, 0xC54F, 0xED4A, 0xED49, 0xAC8F, 0x33D4, 0x6371, 0xDD4A, 0xF5EB, 0xF5AB,
  0xF5EB, 0xA3ED, 0x33B3, 0x0968, 0x0023, 0x0044, 0x0044, 0x0044, 0x0044, 0x0044, 0x0044, 0x0044,
  0x0044, 0x0844, 0x0844, 0x0044, 0x0044, 0x0044, 0x0044, 0x0044, 0x0044, 0x0044, 0x0044, 0x0044,
  0x0044, 0x0044, 0x0044, 0x0044, 0x0044, 0x0044, 0x0044, 0x0044, 0x0044, 0x0044, 0x0044, 0x0927,
  0x6434, 0xD487, 0xEBE3, 0xDCA8, 0x6BF2, 0x22AE, 0x11AA, 0x11AA, 0x2B10, 0x9472, 0xEC67, 0xF323,
  0xEC65, 0xECA6, 0xECA6, 0xEB63, 0xEB43, 0xCCAD, 0x8370, 0xDCCA, 0xEB23, 0xDC87, 0xB388, 0xE4A7,
  0xEB03, 0xF2A2, 0xF363, 0xD448, 0xA2C8, 0xEC47, 0xF364, 0xD469, 0x7413, 0x6413, 0xBC8D, 0xEBA4,
  0xEB64, 0xD488, 0xCBE7, 0xEB44, 0xEC46, 0xB428, 0x6A29, 0x7249, 0x6A49, 0x632E, 0x9410, 0xE447,
  0xF304, 0xECE8, 0xC448, 0xDCA8, 0xEB03, 0xEC05, 0xBC28, 0x4BB3, 0x22CE, 0x0043, 0x0003, 0x228E,
  0x73B2, 0xE466, 0xEB23, 0xDCA8, 0x8289, 0x724A, 0x724B, 0x622D, 0x4C16, 0xBBEA, 0xF384, 0xF487,
  0x9B8E, 0x53D4, 0x4B10, 0x4310, 0x53D4, 0xAB8A, 0xF446, 0xF405, 0xB3AB, 0x43F4, 0x4393, 0xBCCE,
  0xEB64, 0xE384, 0xACB0, 0x4416, 0xA3CD, 0xECA7, 0xEB43, 0xEBA3, 0xEBA4, 0xD48A, 0x6BB2, 0x1A4D,
  0x0064, 0x0043, 0x0044, 0x0044, 0x0044, 0x0044, 0x0044, 0x0044, 0x0844, 0x0844, 0x0844, 0x0844,
  0x0844, 0x0844, 0x0844, 0x0044, 0x0044, 0x0044, 0x0044, 0x0044, 0x0044, 0x0044, 0x0044, 0x0044,
  0x0044, 0x0044, 0x0044, 0x0044, 0x0044, 0x0044, 0x0023, 0x1189, 0x6C54, 0xDC47, 0xEAC2, 0xDC87,
  0x8BCF, 0x8411, 0x8C11, 0x8C10, 0x7BF1, 0xBC0B, 0xF3A4, 0xF385, 0xEBE6, 0xEBC6, 0xEBE6, 0xEB64,
  0xF2C3, 0xDC68, 0xAB49, 0xE467, 0xEAC3, 0xDC48, 0x7A8C, 0xC429, 0xEBE5, 0xF222, 0xF364, 0xD448,
  0xA2C8, 0xEC26, 0xF2E3, 0xEC87, 0xD468, 0xD447, 0xEC05, 0xF2E3, 0xEC46, 0xB389, 0xC3E8, 0xF324,
  0xF3A5, 0xE4A7, 0xDC27, 0xDC47, 0xDC47, 0xD447, 0xC408, 0xE447, 0xF304, 0xDC89, 0x726C, 0xABAB,
  0xEC26, 0xEAE3, 0xD408, 0x7433, 0x228D, 0x0043, 0x0003, 0x1A6D, 0x73D3, 0xE466, 0xF2E3, 0xDC88,
  0x6391, 0x3373, 0x2B72, 0x2B52, 0x3C37, 0xB3CA, 0xF3A5, 0xF426, 0xD428, 0xBBCA, 0xBBCB, 0xB3CB,
  0xB42C, 0xBB88, 0xF426, 0xF364, 0xDC69, 0xA471, 0x9C50, 0xCCCA, 0xEB23, 0xE344, 0xBCCF, 0x7B71,
  0xDCEA, 0xEB44, 0xEBC4, 0xE4C6, 0xEB84, 0xEBC6, 0xBC2E, 0x4B52, 0x0968, 0x0044, 0x0044, 0x0044,
  0x0044, 0x0044, 0x0044, 0x0044, 0x0844, 0x0844, 0x0844, 0x0844, 0x0844, 0x0844, 0x0044, 0x0044,
  0x0044, 0x0044, 0x0044, 0x0044, 0x0044, 0x0044, 0x0044, 0x0044, 0x0044, 0x0844, 0x0044, 0x0044,
  0x0044, 0x0044, 0x0023, 0x11EB, 0x7C54, 0xE447, 0xEA62, 0xEBC5, 0xDBA6, 0xDBA6, 0xE3C6, 0xDC06,
  0xCC87, 0xE466, 0xEB03, 0xE4A7, 0xAB88, 0xA349, 0xAB67, 0xDC66, 0xEAC3, 0xEBE5, 0xCC06, 0xE466,
  0xEAE3, 0xD449, 0x6BF4, 0x7B2F, 0xDC67, 0xEAE3, 0xF3C5, 0xD449, 0xA308, 0xEC66, 0xEAC3, 0xEB24,
  0xEB65, 0xEB64, 0xF385, 0xEC46, 0xC428, 0x6A4D, 0xC42A, 0xEC06, 0xF385, 0xEBA5, 0xEBA5, 0xEBC5,
  0xEBE5, 0xE466, 0xD488, 0xE4A8, 0xEBE5, 0xDCC9, 0x6C14, 0x6351, 0xD468, 0xEBE5, 0xEC87, 0xAC0D,
  0x43F3, 0x00A5, 0x0003, 0x1A4D, 0x6BF3, 0xE4A7, 0xEB84, 0xDCA8, 0x63F3, 0x1A2C, 0x11AA, 0x0989,
  0x3B94, 0xABAB, 0xF3E5, 0xEAC3, 0xEB65, 0xEB65, 0xEB65, 0xEB85, 0xECC8, 0xBBC8, 0xDC47, 0xF324,
  0xEB85, 0xE3A5, 0xE3A5, 0xEBC5, 0xF2A3, 0xE3E5, 0xB40B, 0xBC0B, 0xEC46, 0xEB03, 0xDC27, 0xAB48,
  0xE487, 0xEB03, 0xDBC7, 0x93B0, 0x32F0, 0x0085, 0x0044, 0x0044, 0x0044, 0x0044, 0x0044, 0x0844,
  0x0844, 0x0844, 0x0844, 0x0844, 0x0044, 0x0044, 0x0044, 0x0044, 0x0044, 0x0044, 0x0044, 0x0044,
  0x0044, 0x0044, 0x0044, 0x0844, 0x0044, 0x0844, 0x0844, 0x0044, 0x0044, 0x0044, 0x0003, 0x1A6D,
  0x8413, 0xE467, 0xEB04, 0xEB45, 0xEB65, 0xEBA6, 0xEBE6, 0xEC87, 0xED89, 0xED48, 0xECA7, 0xBBE9,
  0x5331, 0x43D4, 0x4B31, 0xBC0A, 0xE447, 0xE467, 0xCBE7, 0xDCA8, 0xDC47, 0xC44A, 0x5476, 0x4393,
  0xA32A, 0xDC68, 0xDCA9, 0xB3CA, 0x8A8A, 0xD489, 0xDC69, 0xD469, 0xD469, 0xD469, 0xCC49, 0xA369,
  0x5AAE, 0x4435, 0x9BAC, 0xC449, 0xC429, 0xC429, 0xC409, 0xC409, 0xC429, 0xBC09, 0x9B0A, 0xBBEA,
  0xC429, 0xABCA, 0x53F4, 0x3C15, 0x8ACB, 0xC429, 0xC449, 0x9B4A, 0x4BF4, 0x00C5, 0x0003, 0x1A2C,
  0x53D4, 0xBC09, 0xD489, 0xBC0A, 0x5BF4, 0x1189, 0x0003, 0x0044, 0x3393, 0x936C, 0xDCC8, 0xE488,
  0xDC88, 0xDC88, 0xDC68, 0xE468, 0xDCC9, 0xA32A, 0xA329, 0xE489, 0xEC68, 0xEC68, 0xEC47, 0xEC47,
  0xEC88, 0xD489, 0x8AA9, 0xD4E8, 0xEC46, 0xE447, 0xABEC, 0x4B11, 0xAB8B, 0xEC26, 0xE344, 0xD44A,
  0x6BF3, 0x228D, 0x0023, 0x0044, 0x0044, 0x0044, 0x0044, 0x0844, 0x0844, 0x0844, 0x0844, 0x0044,
  0x0044, 0x0044, 0x0044, 0x0844, 0x0044, 0x0044, 0x0044, 0x0044, 0x0044, 0x0044, 0x0044, 0x0844,
  0x0844, 0x0844, 0x0044, 0x0044, 0x0044, 0x0044, 0x0003, 0x22EF, 0x6B92, 0xC3E9, 0xCC2A, 0xC40A,
  0xBBE9, 0xBBC9, 0xB3CA, 0xB3CA, 0xA329, 0xAB29, 0xA2E9, 0x6A6D, 0x33B4, 0x1A2C, 0x2B93, 0x62AF,
  0x7A2A, 0x7A0A, 0x69EC, 0x722C, 0x720B, 0x5A6E, 0x33B3, 0x2BB3, 0x3AD0, 0x5A2D, 0x5A2D, 0x3A2E,
  0x324F, 0x522D, 0x520D, 0x4A0D, 0x4A0D, 0x4A2D, 0x422E, 0x32B0, 0x2B93, 0x33F4, 0x32D0, 0x422E,
  0x420D, 0x3A0D, 0x3A0D, 0x420E, 0x420D, 0x3A2E, 0x324F, 0x3A0E, 0x3A0D, 0x3A4F, 0x2B93, 0x2BB2,
  0x3311, 0x420D, 0x420D, 0x326E, 0x33D3, 0x00A5, 0x0023, 0x11CA, 0x3C15, 0x3A4E, 0x4A0D, 0x422E,
  0x3BF5, 0x0989, 0x0023, 0x0044, 0x2B52, 0x3A8F, 0x624C, 0x6A4C, 0x6A4C, 0x724C, 0x724C, 0x7A4B,
  0x724C, 0x4A90, 0x3B12, 0x6A2C, 0x928A, 0xA2C9, 0xA309, 0xAB4A, 0xA34A, 0x624D, 0x526E, 0x9B29,
  0xAB88, 0xAB6A, 0x6331, 0x3456, 0x5331, 0xAB68, 0xCC08, 0xC44A, 0x6B71, 0x3371, 0x0003, 0x0044,
  0x0044, 0x0044, 0x0044, 0x0844, 0x0844, 0x0844, 0x0844, 0x0844, 0x0844, 0x0044, 0x0844, 0x0044,
  0x0044, 0x0044, 0x0044, 0x0044, 0x0044, 0x0044, 0x0044, 0x0044, 0x0044, 0x0044, 0x0044, 0x0844,
  0x0044, 0x0044, 0x0023, 0x1A4C, 0x3394, 0x3AD0, 0x3AB0, 0x3AB0, 0x3290, 0x2A90, 0x2AB0, 0x2AB1,
  0x2AD1, 0x2AF1, 0x2AF1, 0x2B73, 0x124C, 0x0003, 0x1AAE, 0x2BB3, 0x2332, 0x2B32, 0x2B53, 0x2B53,
  0x2B52, 0x2B72, 0x22EF, 0x11CA, 0x2BB2, 0x2B72, 0x2B72, 0x2B93, 0x33B3, 0x3372, 0x3372, 0x3352,
  0x3372, 0x3372, 0x3372, 0x2310, 0x0948, 0x1A0B, 0x3392, 0x3B72, 0x3B71, 0x3B51, 0x3351, 0x3B51,
  0x3B51, 0x3351, 0x3372, 0x2B31, 0x3331, 0x3331, 0x226D, 0x0907, 0x2B30, 0x3351, 0x3331, 0x3372,
  0x120B, 0x0044, 0x0044, 0x0085, 0x2B10, 0x3393, 0x3352, 0x3373, 0x22CF, 0x0064, 0x0044, 0x0024,
  0x19EB, 0x2B92, 0x3372, 0x3352, 0x3352, 0x2B52, 0x2B52, 0x2B32, 0x2332, 0x2B93, 0x2372, 0x2353,
  0x22F2, 0x2AD1, 0x2AD1, 0x2AB1, 0x2AD1, 0x2B93, 0x2BF4, 0x2311, 0x22B0, 0x2AD1, 0x2B52, 0x1A6D,
  0x2B52, 0x2AF0, 0x3AB0, 0x3AD0, 0x3393, 0x230F, 0x0003, 0x0044, 0x0044, 0x0044, 0x0044, 0x0044,
  0x0044, 0x0044, 0x0044, 0x0844, 0x0844, 0x0844, 0x0844, 0x0044, 0x0044, 0x0044, 0x0044, 0x0044,
  0x0044, 0x0044, 0x0044, 0x0044, 0x0044, 0x0044, 0x0044, 0x0844, 0x0844, 0x0044, 0x0044, 0x00A5,
  0x1A8E, 0x22F0, 0x22D0, 0x22AF, 0x1AAF, 0x1A8F, 0x1AAF, 0x1AAF, 0x1AAF, 0x1AAF, 0x1ACF, 0x1A4C,
  0x0084, 0x0044, 0x0085, 0x124B, 0x1A6D, 0x1A4C, 0x1A2C, 0x1A0B, 0x19EB, 0x11A9, 0x00A5, 0x0023,
  0x00E6, 0x0927, 0x0927, 0x00E6, 0x00A5, 0x08E6, 0x08E6, 0x00C6, 0x00C6, 0x00C5, 0x00A5, 0x0023,
  0x0024, 0x0024, 0x0064, 0x0084, 0x0084, 0x0064, 0x0084, 0x0065, 0x0084, 0x0064, 0x0044, 0x0044,
  0x0064, 0x0044, 0x0023, 0x0024, 0x0044, 0x0064, 0x0064, 0x0044, 0x0023, 0x0044, 0x0044, 0x0044,
  0x0024, 0x00A5, 0x00A5, 0x00A5, 0x0024, 0x0044, 0x0044, 0x0044, 0x0024, 0x0906, 0x1168, 0x1189,
  0x19CA, 0x19EA, 0x19EB, 0x1A0B, 0x1A2B, 0x1189, 0x0084, 0x120B, 0x1A8E, 0x1A8E, 0x1A8F, 0x1A8F,
  0x1AAF, 0x122C, 0x11EA, 0x1AAE, 0x1A8F, 0x1AAF, 0x122C, 0x0085, 0x0989, 0x22CF, 0x22F0, 0x22F0,
  0x1AEF, 0x0927, 0x0043, 0x0044, 0x0044, 0x0044, 0x0044, 0x0044, 0x0044, 0x0044, 0x0044, 0x0044,
  0x0044, 0x0044, 0x0844, 0x0044, 0x0044, 0x0044, 0x0044, 0x0044, 0x0044, 0x0044, 0x0044, 0x0844,
  0x0844, 0x0044, 0x0044, 0x0044, 0x0844, 0x0044, 0x0044, 0x0043, 0x0044, 0x0084, 0x0064, 0x0064,
  0x0064, 0x0064, 0x0044, 0x0044, 0x0044, 0x0044, 0x0044, 0x0044, 0x0044, 0x0044, 0x0044, 0x0024,
  0x0024, 0x0024, 0x0023, 0x0023, 0x0023, 0x0024, 0x0044, 0x0044, 0x0044, 0x0044, 0x0023, 0x0043,
  0x0043, 0x0043, 0x0043, 0x0043, 0x0044, 0x0044, 0x0044, 0x0044, 0x0044, 0x0044, 0x0043, 0x0043,
  0x0043, 0x0043, 0x0044, 0x0044, 0x0044, 0x0044, 0x0043, 0x0043, 0x0043, 0x0043, 0x0044, 0x0044,
  0x0044, 0x0043, 0x0043, 0x0043, 0x0043, 0x0044, 0x0044, 0x0044, 0x0044, 0x0044, 0x0044, 0x0044,
  0x0044, 0x0044, 0x0044, 0x0044, 0x0044, 0x0044, 0x0043, 0x0023, 0x0023, 0x0023, 0x0023, 0x0023,
  0x0023, 0x0043, 0x0044, 0x0044, 0x0044, 0x0044, 0x0044, 0x0044, 0x0044, 0x0044, 0x0044, 0x0044,
  0x0044, 0x0044, 0x0044, 0x0044, 0x0044, 0x0064, 0x0085, 0x0085, 0x0084, 0x0044, 0x0044, 0x0044,
  0x0044, 0x0044, 0x0044, 0x0044, 0x0044, 0x0044, 0x0044, 0x0844, 0x0844, 0x0044, 0x0844, 0x0844,
  0x0844, 0x0044, 0x0044, 0x0044, 0x0044, 0x0044, 0x0044, 0x0043, 0x0043, 0x0043, 0x0043, 0x0043,
  0x0043, 0x0043, 0x0043, 0x0043, 0x0043, 0x0043, 0x0043, 0x0043, 0x0044, 0x0044, 0x0064, 0x0064,
  0x0064, 0x0084, 0x0885, 0x08A5, 0x08A5, 0x08A5, 0x08A5, 0x08A5, 0x08A5, 0x08A5, 0x08C5, 0x08C6,
  0x08C6, 0x08C6, 0x08C6, 0x08E6, 0x08E6, 0x08E6, 0x08E6, 0x1106, 0x1107, 0x1127, 0x1127, 0x1127,
  0x1147, 0x1147, 0x1947, 0x1968, 0x1968, 0x1968, 0x1968, 0x1968, 0x1968, 0x1968, 0x1988, 0x2188,
  0x2188, 0x2188, 0x2188, 0x2188, 0x2188, 0x1988, 0x1988, 0x2188, 0x1988, 0x1988, 0x1988, 0x1988,
  0x1988, 0x1988, 0x1968, 0x1968, 0x1968, 0x1968, 0x1967, 0x1947, 0x1947, 0x1127, 0x1127, 0x1127,
  0x1127, 0x1107, 0x1106, 0x1106, 0x08E6, 0x1106, 0x08E6, 0x08E6, 0x08E6, 0x08C6, 0x08C6, 0x08C6,
  0x08C5, 0x08C5, 0x08A5, 0x08A5, 0x08A5, 0x0085, 0x0085, 0x0085, 0x0084, 0x0064, 0x0064, 0x0064,
  0x0044, 0x0044, 0x0043, 0x0023, 0x0023, 0x0023, 0x0023, 0x0023, 0x0023, 0x0043, 0x0043, 0x0023,
  0x0023, 0x0043, 0x0044, 0x0844, 0x0844, 0x0844, 0x0844, 0x0044, 0x0844, 0x0844, 0x0044, 0x0044,
  0x0044, 0x0044, 0x0023, 0x08C5, 0x1127, 0x1148, 0x1148, 0x1968, 0x1989, 0x21C9, 0x21EA, 0x2A2B,
  0x2A4B, 0x326C, 0x328C, 0x328C, 0x328D, 0x328D, 0x3AAD, 0x3ACD, 0x3ACE, 0x3ACE, 0x3ACD, 0x3ACD,
  0x3ACE, 0x3AEE, 0x3AEE, 0x3AEE, 0x3AEE, 0x42EE, 0x430E, 0x430F, 0x430F, 0x432F, 0x430F, 0x430F,
  0x432F, 0x432F, 0x430F, 0x430F, 0x432F, 0x4B2F, 0x4B4F, 0x4B50, 0x4B50, 0x4B50, 0x4B50, 0x4B70,
  0x4B70, 0x4B70, 0x4B70, 0x4B70, 0x4B70, 0x5370, 0x5390, 0x5390, 0x5390, 0x5390, 0x5390, 0x5390,
  0x5390, 0x5370, 0x5370, 0x5370, 0x4B70, 0x4B70, 0x4B70, 0x5390, 0x5390, 0x5390, 0x4B70, 0x4B70,
  0x4B70, 0x4B70, 0x4B70, 0x4B50, 0x4B50, 0x4B2F, 0x4B2F, 0x4B2F, 0x4B2F, 0x4B2F, 0x432F, 0x430F,
  0x432F, 0x432F, 0x432F, 0x432F, 0x430F, 0x430F, 0x430F, 0x430F, 0x3AEF, 0x3AEE, 0x3AEE, 0x3AEE,
  0x3AEE, 0x3ACE, 0x3ACE, 0x3ACE, 0x3ACE, 0x3AAD, 0x32AD, 0x328D, 0x328D, 0x328C, 0x326C, 0x326C,
  0x324C, 0x2A2B, 0x2A0A, 0x21CA, 0x1989, 0x1968, 0x1148, 0x1128, 0x1127, 0x08C6, 0x0023, 0x0044,
  0x0844, 0x0844, 0x0844, 0x0044, 0x0044, 0x0844, 0x0044, 0x0044, 0x0044, 0x0023, 0x1988, 0x432F,
  0x4B91, 0x4B91, 0x4B91, 0x4BB1, 0x4BB1, 0x4BB1, 0x4BB1, 0x4BB1, 0x4B91, 0x4B91, 0x4B90, 0x4B70,
  0x434F, 0x434F, 0x434F, 0x434F, 0x432F, 0x432E, 0x430E, 0x430E, 0x430E, 0x4B2E, 0x4B2E, 0x4B0E,
  0x42ED, 0x42ED, 0x42CD, 0x42CD, 0x42CD, 0x42CC, 0x3AAC, 0x3AAC, 0x3AAC, 0x3A8C, 0x3A8B, 0x3A6B,
  0x3A6B, 0x3A6B, 0x3A6B, 0x3A6B, 0x3A4A, 0x324A, 0x324A, 0x324A, 0x324A, 0x322A, 0x3229, 0x3229,
  0x322A, 0x322A, 0x3229, 0x3229, 0x3229, 0x3209, 0x3209, 0x3209, 0x3209, 0x3209, 0x3229, 0x3A6B,
  0x3A4A, 0x3209, 0x322A, 0x322A, 0x3A6B, 0x3A6B, 0x3A6B, 0x3A6B, 0x324A, 0x324A, 0x324A, 0x322A,
  0x324A, 0x324A, 0x324A, 0x3A6B, 0x3A6B, 0x3A6B, 0x3A8B, 0x3A6B, 0x3A8B, 0x3AAC, 0x3AAC, 0x3AAC,
  0x3AAC, 0x3ACD, 0x3ACD, 0x42CD, 0x42ED, 0x42ED, 0x42EE, 0x430E, 0x430E, 0x430E, 0x430E, 0x432F,
  0x432F, 0x432F, 0x432F, 0x4B4F, 0x4B50, 0x4B70, 0x4B70, 0x4B91, 0x5391, 0x53B1, 0x53B1, 0x53B1,
  0x53B1, 0x53B1, 0x53B1, 0x53B1, 0x4B91, 0x4B70, 0x21A8, 0x0023, 0x0044, 0x0044, 0x0844, 0x0844,
  0x0044, 0x0044, 0x0044, 0x0044, 0x0044, 0x0084, 0x3AED, 0x432E, 0x2A09, 0x29E9, 0x21E9, 0x21E8,
  0x21C8, 0x21C8, 0x21A8, 0x2187, 0x1987, 0x1966, 0x1946, 0x1125, 0x1125, 0x1105, 0x1926, 0x1926,
  0x10E4, 0x1926, 0x29A9, 0x29A8, 0x29A7, 0x4ACB, 0x426B, 0x424A, 0x2146, 0x0883, 0x0883, 0x0883,
  0x0063, 0x0062, 0x0042, 0x0042, 0x0042, 0x0042, 0x0022, 0x0022, 0x0022, 0x0022, 0x0022, 0x0022,
  0x0022, 0x0022, 0x0022, 0x0022, 0x0022, 0x0022, 0x0022, 0x0022, 0x0022, 0x0022, 0x0022, 0x0022,
  0x0022, 0x0022, 0x0022, 0x0022, 0x0022, 0x0022, 0x2125, 0x3A2A, 0x31C9, 0x1926, 0x10E6, 0x10C5,
  0x31C9, 0x31EA, 0x31EA, 0x31EA, 0x2968, 0x10E6, 0x0884, 0x0020, 0x10C4, 0x0021, 0x0042, 0x10C5,
  0x10C5, 0x0042, 0x0022, 0x0022, 0x0042, 0x0042, 0x0042, 0x0042, 0x0042, 0x0063, 0x0883, 0x0883,
  0x0883, 0x08A3, 0x08A4, 0x08C4, 0x08C4, 0x08C4, 0x10E4, 0x10E5, 0x10E5, 0x10E5, 0x1105, 0x1105,
  0x1126, 0x1926, 0x1946, 0x1967, 0x1987, 0x2187, 0x21A8, 0x21C8, 0x29C8, 0x29E9, 0x2A09, 0x2A09,
  0x2A09, 0x4B4F, 0x430E, 0x0064, 0x0023, 0x0044, 0x0044, 0x0844, 0x0044, 0x0044, 0x0044, 0x0044,
  0x0044, 0x08C6, 0x4B2F, 0x2A09, 0x0020, 0x0020, 0x0000, 0x0020, 0x0000, 0x0000, 0x0000, 0x0000,
  0x0000, 0x0000, 0x0842, 0x0842, 0x0000, 0x0042, 0x10A4, 0x0042, 0x0883, 0x1906, 0x29A9, 0x2147,
  0x31C9, 0x3A2A, 0x3A0A, 0x3A29, 0x0883, 0x0022, 0x0022, 0x0022, 0x0022, 0x0022, 0x0022, 0x0022,
  0x0022, 0x0022, 0x0022, 0x0022, 0x0022, 0x0022, 0x0022, 0x0022, 0x0022, 0x0022, 0x0022, 0x0022,
  0x0022, 0x0022, 0x0022, 0x0022, 0x0022, 0x0022, 0x0022, 0x0022, 0x0022, 0x0042, 0x0022, 0x0022,
  0x0022, 0x0022, 0x18E4, 0x424A, 0x3A2B, 0x2988, 0x1906, 0x10C5, 0x31E9, 0x3A4B, 0x3A0A, 0x3A0A,
  0x31C9, 0x18E6, 0x10C4, 0x0042, 0x10C5, 0x0883, 0x0883, 0x10E6, 0x10A4, 0x0021, 0x0022, 0x0022,
  0x0022, 0x0022, 0x0022, 0x0863, 0x0022, 0x0022, 0x0022, 0x0022, 0x0022, 0x0022, 0x0022, 0x0022,
  0x0022, 0x0022, 0x0022, 0x0022, 0x0022, 0x0022, 0x0022, 0x0022, 0x0022, 0x0022, 0x0022, 0x0022,
  0x0022, 0x0022, 0x0022, 0x0022, 0x0022, 0x10E4, 0x428A, 0x31C8, 0x0042, 0x3209, 0x536F, 0x08C6,
  0x0043, 0x0044, 0x0044, 0x0844, 0x0044, 0x0044, 0x0044, 0x0044, 0x0044, 0x08E6, 0x4B2F, 0x29C8,
  0x0020, 0x0000, 0x0000, 0x0000, 0x0000, 0x0000, 0x0000, 0x0020, 0x0000, 0x0020, 0x0883, 0x0042,
  0x0000, 0x0020, 0x0021, 0x10A4, 0x10E6, 0x1906, 0x1927, 0x2988, 0x31EA, 0x31EA, 0x3A2A, 0x2146,
  0x0042, 0x0022, 0x0022, 0x0022, 0x0022, 0x0022, 0x0022, 0x0022, 0x0022, 0x0022, 0x0022, 0x0022,
  0x0022, 0x0022, 0x0022, 0x0022, 0x0022, 0x0022, 0x0022, 0x0022, 0x0022, 0x0022, 0x0022, 0x0022,
  0x0022, 0x0022, 0x0022, 0x0022, 0x0863, 0x0042, 0x0022, 0x0022, 0x0022, 0x0022, 0x0002, 0x31C7,
  0x428B, 0x31EA, 0x1927, 0x10E6, 0x31E8, 0x428C, 0x3A0A, 0x3A0A, 0x31EA, 0x1927, 0x10C5, 0x08A4,
  0x10E6, 0x0884, 0x0884, 0x10E6, 0x0884, 0x0022, 0x0022, 0x0022, 0x0022, 0x0022, 0x0022, 0x18A4,
  0x0042, 0x0022, 0x0022, 0x0022, 0x0022, 0x0022, 0x0022, 0x08A4, 0x0043, 0x0022, 0x0022, 0x0022,
  0x0022, 0x0022, 0x0022, 0x0043, 0x0022, 0x0022, 0x0022, 0x0022, 0x0022, 0x0022, 0x0883, 0x0863,
  0x0022, 0x29A7, 0x530D, 0x29C9, 0x0042, 0x31E8, 0x536F, 0x08E6, 0x0043, 0x0043, 0x0044, 0x0044,
  0x0844, 0x0844, 0x0044, 0x0044, 0x0044, 0x08E6, 0x4B0E, 0x29A7, 0x0000, 0x0000, 0x0000, 0x0000,
  0x0000, 0x0000, 0x0000, 0x0000, 0x0000, 0x0021, 0x0883, 0x0021, 0x0000, 0x0021, 0x10A4, 0x10E6,
  0x18E6, 0x10E6, 0x2147, 0x29A9, 0x31EA, 0x3A4B, 0x3A09, 0x0883, 0x0022, 0x0022, 0x0022, 0x0022,
  0x0022, 0x0022, 0x0022, 0x0042, 0x0022, 0x0022, 0x0022, 0x0022, 0x0022, 0x0022, 0x0022, 0x0022,
  0x0022, 0x0022, 0x0042, 0x0042, 0x0022, 0x0022, 0x0022, 0x0022, 0x0042, 0x0042, 0x0042, 0x0042,
  0x0863, 0x0042, 0x0042, 0x0042, 0x0042, 0x0042, 0x0022, 0x10C4, 0x424A, 0x3A2A, 0x2988, 0x10E6,
  0x2166, 0x4AED, 0x3A2B, 0x3A0A, 0x31EA, 0x2168, 0x10C5, 0x10C5, 0x10E6, 0x0884, 0x10A4, 0x10E6,
  0x0863, 0x0022, 0x0022, 0x0022, 0x0022, 0x0022, 0x0022, 0x0022, 0x0022, 0x0022, 0x0022, 0x0022,
  0x0022, 0x0022, 0x08C4, 0x3A8C, 0x1947, 0x0022, 0x0022, 0x0022, 0x0022, 0x0022, 0x0022, 0x0022,
  0x0022, 0x0022, 0x0022, 0x0022, 0x0022, 0x0022, 0x0863, 0x0863, 0x0883, 0x4AAB, 0x4AAC, 0x2168,
  0x0863, 0x31E8, 0x536F, 0x1106, 0x0043, 0x0043, 0x0044, 0x0044, 0x0844, 0x0844, 0x0044, 0x0044,
  0x0044, 0x1107, 0x4B0F, 0x21A7, 0x0000, 0x0000, 0x0000, 0x0000, 0x0000, 0x0000, 0x0000, 0x0000,
  0x0000, 0x0862, 0x0884, 0x0021, 0x0000, 0x0883, 0x10E6, 0x18E6, 0x18E6, 0x1927, 0x2988, 0x2988,
  0x3A0A, 0x4ACB, 0x39E7, 0x0022, 0x0022, 0x0022, 0x0022, 0x0042, 0x0022, 0x0022, 0x0022, 0x0022,
  0x0022, 0x0022, 0x0022, 0x0022, 0x18C5, 0x0022, 0x0022, 0x0022, 0x0022, 0x0042, 0x0042, 0x0042,
  0x0042, 0x0042, 0x0042, 0x0042, 0x0042, 0x0042, 0x0042, 0x0042, 0x0042, 0x0042, 0x0042, 0x0042,
  0x0042, 0x0042, 0x0042, 0x0042, 0x2125, 0x3A2A, 0x31EA, 0x2147, 0x2167, 0x532E, 0x428C, 0x31EA,
  0x320A, 0x29A9, 0x18E6, 0x10E5, 0x18E6, 0x10A5, 0x0883, 0x10C5, 0x0042, 0x0022, 0x0022, 0x0022,
  0x0022, 0x0022, 0x0022, 0x0022, 0x0042, 0x0022, 0x0022, 0x0022, 0x0022, 0x0022, 0x0063, 0x1967,
  0x08C4, 0x0022, 0x0022, 0x0022, 0x0022, 0x0022, 0x0022, 0x0022, 0x0022, 0x0022, 0x0022, 0x0022,
  0x0022, 0x0022, 0x0022, 0x0022, 0x31C7, 0x530D, 0x320A, 0x2147, 0x10A4, 0x29C8, 0x534F, 0x1107,
  0x0043, 0x0043, 0x0044, 0x0044, 0x0844, 0x0044, 0x0044, 0x0044, 0x0043, 0x1107, 0x4B2F, 0x21A7,
  0x0000, 0x0000, 0x0000, 0x0000, 0x0000, 0x0000, 0x0000, 0x0000, 0x0000, 0x0883, 0x0883, 0x0000,
  0x0021, 0x10C5, 0x10E6, 0x10E6, 0x2147, 0x29A9, 0x2988, 0x29C9, 0x3A4B, 0x52CB, 0x18E3, 0x0022,
  0x0022, 0x0022, 0x0022, 0x0042, 0x0042, 0x0022, 0x0022, 0x0022, 0x0022, 0x0022, 0x0022, 0x0022,
  0x0042, 0x0022, 0x0022, 0x0042, 0x0042, 0x0042, 0x0042, 0x0042, 0x0042, 0x0022, 0x0022, 0x0042,
  0x0042, 0x0042, 0x0042, 0x0042, 0x0042, 0x0042, 0x0042, 0x0042, 0x0042, 0x0042, 0x0042, 0x0042,
  0x10A3, 0x426A, 0x3A2A, 0x31C9, 0x2147, 0x4AED, 0x426B, 0x29A9, 0x320A, 0x31EA, 0x1927, 0x10E5,
  0x10E6, 0x10C5, 0x0883, 0x10A4, 0x0022, 0x0022, 0x0022, 0x0022, 0x0022, 0x0022, 0x0022, 0x0022,
  0x0022, 0x0042, 0x0022, 0x0042, 0x0042, 0x0022, 0x0022, 0x0022, 0x0022, 0x0022, 0x0022, 0x0042,
  0x0022, 0x0022, 0x0022, 0x0022, 0x0022, 0x0022, 0x0022, 0x0022, 0x0022, 0x0022, 0x0022, 0x0001,
  0x4AAB, 0x4AAC, 0x31EA, 0x1926, 0x10C5, 0x29C8, 0x4B4F, 0x1127, 0x0043, 0x0044, 0x0043, 0x0844,
  0x0844, 0x0044, 0x0044, 0x0044, 0x0044, 0x1127, 0x4B2F, 0x21A7, 0x0000, 0x0000, 0x0000, 0x0000,
  0x0000, 0x0000, 0x0000, 0x0000, 0x0021, 0x10A4, 0x10C5, 0x0021, 0x0021, 0x10C5, 0x10E6, 0x1927,
  0x31C9, 0x31C9, 0x2988, 0x31EA, 0x4AAB, 0x52AA, 0x0022, 0x0022, 0x0022, 0x0022, 0x0022, 0x0022,
  0x0042, 0x0022, 0x0022, 0x0022, 0x0022, 0x0042, 0x0042, 0x0022, 0x0022, 0x0022, 0x0042, 0x10C4,
  0x1906, 0x1905, 0x0042, 0x0042, 0x1084, 0x18E6, 0x0022, 0x0042, 0x0042, 0x0042, 0x0042, 0x0042,
  0x0042, 0x0042, 0x0042, 0x0042, 0x0042, 0x0042, 0x0042, 0x0042, 0x0862, 0x3A08, 0x52CC, 0x3A2A,
  0x2168, 0x4ACC, 0x42AC, 0x2988, 0x320A, 0x31EA, 0x1926, 0x10C5, 0x10E6, 0x10C5, 0x10C4, 0x0883,
  0x18C3, 0x0862, 0x0022, 0x0022, 0x0022, 0x0022, 0x0022, 0x0022, 0x0022, 0x0022, 0x0042, 0x0042,
  0x0042, 0x0022, 0x0022, 0x0022, 0x0022, 0x0022, 0x0022, 0x0042, 0x0022, 0x0022, 0x0022, 0x0022,
  0x0022, 0x0022, 0x0022, 0x0022, 0x0022, 0x0022, 0x0022, 0x10C3, 0x5B2D, 0x426B, 0x31EA, 0x1927,
  0x10C5, 0x29C8, 0x536F, 0x1127, 0x0043, 0x0044, 0x0044, 0x0044, 0x0844, 0x0044, 0x0044, 0x0044,
  0x0043, 0x1948, 0x534F, 0x29A7, 0x0000, 0x0000, 0x0020, 0x0000, 0x0000, 0x0000, 0x0000, 0x0000,
  0x0042, 0x10C5, 0x10C5, 0x0041, 0x0021, 0x10C5, 0x1906, 0x29A9, 0x31C9, 0x2168, 0x29C9, 0x3A2A,
  0x636C, 0x39E6, 0x1084, 0x0863, 0x0022, 0x0022, 0x0022, 0x0022, 0x0022, 0x0042, 0x0022, 0x0022,
  0x0042, 0x0022, 0x0042, 0x0022, 0x0022, 0x0022, 0x0883, 0x1926, 0x2968, 0x31C9, 0x1904, 0x0022,
  0x18A5, 0x2927, 0x0022, 0x0042, 0x0042, 0x0042, 0x0042, 0x0042, 0x0042, 0x0042, 0x0042, 0x0042,
  0x0042, 0x0042, 0x0042, 0x0042, 0x0042, 0x31A6, 0x530C, 0x426B, 0x2168, 0x428B, 0x532D, 0x29A8,
  0x31EA, 0x320A, 0x1906, 0x0863, 0x10C5, 0x10E5, 0x10A4, 0x0863, 0x18E4, 0x0862, 0x0022, 0x0863,
  0x0042, 0x0022, 0x0022, 0x0022, 0x0022, 0x0042, 0x0022, 0x0022, 0x0022, 0x0022, 0x0022, 0x0022,
  0x0022, 0x0022, 0x0042, 0x0022, 0x0042, 0x0042, 0x18A4, 0x1084, 0x0022, 0x0022, 0x0022, 0x0022,
  0x0022, 0x0022, 0x0001, 0x31E8, 0x532E, 0x3A2A, 0x320A, 0x1927, 0x10C5, 0x29E8, 0x536F, 0x1148,
  0x0043, 0x0044, 0x0044, 0x0044, 0x0043, 0x0844, 0x0044, 0x0044, 0x0043, 0x1989, 0x4B4F, 0x2187,
  0x0000, 0x0000, 0x0000, 0x0000, 0x0000, 0x0000, 0x0000, 0x0000, 0x0884, 0x18E6, 0x10C5, 0x0041,
  0x0863, 0x18E6, 0x2988, 0x31EA, 0x2167, 0x2168, 0x320A, 0x4AAC, 0x6B8C, 0x10C3, 0x0843, 0x0042,
  0x0022, 0x0022, 0x0022, 0x0022, 0x0022, 0x0042, 0x0042, 0x0042, 0x0042, 0x0022, 0x0042, 0x0042,
  0x0042, 0x0022, 0x08A4, 0x2147, 0x3A0A, 0x424A, 0x2966, 0x0022, 0x0042, 0x0863, 0x0022, 0x0022,
  0x0042, 0x0042, 0x0042, 0x0042, 0x0042, 0x0042, 0x0042, 0x0042, 0x0042, 0x0042, 0x0042, 0x0042,
  0x0042, 0x20E4, 0x52CA, 0x52EC, 0x29A8, 0x3209, 0x530D, 0x320A, 0x29A9, 0x31EA, 0x1926, 0x0842,
  0x10A5, 0x10E5, 0x10C5, 0x0863, 0x0042, 0x0022, 0x0022, 0x0843, 0x0022, 0x0022, 0x0022, 0x0022,
  0x0022, 0x0022, 0x0022, 0x0022, 0x0022, 0x0022, 0x0022, 0x0022, 0x0042, 0x0042, 0x0022, 0x0042,
  0x0042, 0x0042, 0x1063, 0x0863, 0x0022, 0x0022, 0x10A4, 0x18A4, 0x0042, 0x0022, 0x0062, 0x52EC,
  0x52ED, 0x31C9, 0x320A, 0x1947, 0x10C5, 0x29C8, 0x536F, 0x1988, 0x0043, 0x0044, 0x0044, 0x0044,
  0x0843, 0x0844, 0x0044, 0x0044, 0x0043, 0x21A9, 0x4B4F, 0x2186, 0x0000, 0x0000, 0x0000, 0x0000,
  0x0000, 0x0000, 0x0000, 0x0862, 0x10C5, 0x10E5, 0x0884, 0x0041, 0x10E5, 0x2988, 0x31E9, 0x2167,
  0x2147, 0x3A4A, 0x428C, 0x634C, 0x4AA9, 0x0022, 0x0022, 0x0042, 0x0022, 0x0022, 0x0022, 0x0022,
  0x0022, 0x0863, 0x0863, 0x0022, 0x1083, 0x0022, 0x0022, 0x0022, 0x0022, 0x0022, 0x10A4, 0x39E9,
  0x426A, 0x31A7, 0x0042, 0x0022, 0x0022, 0x0022, 0x0022, 0x0022, 0x0042, 0x0042, 0x0042, 0x0042,
  0x0022, 0x0022, 0x0022, 0x0042, 0x0042, 0x0042, 0x0042, 0x0042, 0x0042, 0x0042, 0x31C7, 0x4ACC,
  0x31E9, 0x29A8, 0x42AC, 0x3A4B, 0x2988, 0x29C9, 0x1926, 0x18E5, 0x0884, 0x10E6, 0x10C5, 0x0042,
  0x0042, 0x0042, 0x0042, 0x0022, 0x0022, 0x1043, 0x28E6, 0x3107, 0x30E7, 0x20A6, 0x1064, 0x0022,
  0x0022, 0x0022, 0x0022, 0x0022, 0x0042, 0x0042, 0x0042, 0x0042, 0x0042, 0x0042, 0x0022, 0x0022,
  0x0022, 0x0022, 0x10A4, 0x18A4, 0x0022, 0x0022, 0x29A7, 0x5B4E, 0x426B, 0x29A8, 0x31C9, 0x1906,
  0x10C5, 0x29A8, 0x534F, 0x21C9, 0x0043, 0x0044, 0x0043, 0x0044, 0x0843, 0x0044, 0x0044, 0x0044,
  0x0043, 0x21CA, 0x4B4F, 0x2166, 0x0000, 0x0000, 0x0000, 0x0000, 0x0000, 0x0021, 0x0863, 0x10C5,
  0x10E6, 0x0884, 0x0021, 0x10C5, 0x29A9, 0x31E9, 0x2988, 0x1927, 0x29A8, 0x426B, 0x52CC, 0x634C,
  0x2104, 0x0022, 0x0022, 0x0022, 0x0022, 0x0042, 0x0022, 0x0022, 0x0022, 0x0022, 0x0022, 0x0022,
  0x0022, 0x0022, 0x0022, 0x0022, 0x0022, 0x0022, 0x0022, 0x2986, 0x2986, 0x0042, 0x0022, 0x0022,
  0x0022, 0x0042, 0x0022, 0x0022, 0x0042, 0x0022, 0x0863, 0x0843, 0x0022, 0x0022, 0x0042, 0x1084,
  0x0042, 0x0042, 0x0042, 0x0042, 0x0042, 0x0022, 0x2124, 0x5B0B, 0x428B, 0x29C9, 0x426B, 0x424B,
  0x29A9, 0x2188, 0x2167, 0x2968, 0x10C4, 0x10E5, 0x0883, 0x0022, 0x0042, 0x0042, 0x0022, 0x0022,
  0x28E5, 0x59CC, 0x7230, 0x7230, 0x61CF, 0x516E, 0x390B, 0x18A7, 0x0042, 0x0863, 0x0042, 0x0022,
  0x0022, 0x0022, 0x0022, 0x0022, 0x0042, 0x0042, 0x0042, 0x0022, 0x0022, 0x0022, 0x0022, 0x0022,
  0x0022, 0x0021, 0x3A29, 0x5B4E, 0x320A, 0x2988, 0x2988, 0x10C5, 0x10C5, 0x29A8, 0x534F, 0x29EA,
  0x0043, 0x0044, 0x0043, 0x0044, 0x0044, 0x0844, 0x0044, 0x0043, 0x0043, 0x2A0A, 0x4B2E, 0x1945,
  0x0000, 0x0000, 0x0020, 0x0862, 0x0021, 0x0842, 0x1084, 0x08A4, 0x10A4, 0x0041, 0x10C4, 0x2988,
  0x31C9, 0x29A9, 0x31E9, 0x31E9, 0x320A, 0x426B, 0x52CB, 0x31C6, 0x0062, 0x0022, 0x0022, 0x0022,
  0x0022, 0x0042, 0x0042, 0x0022, 0x0042, 0x0022, 0x0022, 0x0022, 0x0022, 0x0022, 0x0022, 0x0043,
  0x0022, 0x0022, 0x0022, 0x0022, 0x0022, 0x0022, 0x0022, 0x0022, 0x0022, 0x0022, 0x0022, 0x0022,
  0x0022, 0x0022, 0x0022, 0x0022, 0x0042, 0x0022, 0x0863, 0x18E6, 0x0043, 0x0022, 0x0022, 0x0022,
  0x0022, 0x0042, 0x0001, 0x5AEA, 0x52EC, 0x3A2A, 0x52ED, 0x426B, 0x29A8, 0x1906, 0x2168, 0x29A9,
  0x10C5, 0x10C5, 0x0863, 0x0022, 0x0042, 0x0022, 0x0021, 0x2084, 0x6A0E, 0x7231, 0x5990, 0x412D,
  0x30EB, 0x28C9, 0x28C9, 0x20E7, 0x18E5, 0x18E5, 0x10A4, 0x1084, 0x28C8, 0x390B, 0x30EA, 0x1065,
  0x0022, 0x0022, 0x0042, 0x0022, 0x0042, 0x1904, 0x0042, 0x0022, 0x0022, 0x0883, 0x4AAB, 0x530D,
  0x31C9, 0x29A9, 0x1906, 0x10C5, 0x10C5, 0x2167, 0x4B2F, 0x2A0A, 0x0043, 0x0044, 0x0044, 0x0043,
  0x0043, 0x0044, 0x0044, 0x0044, 0x0043, 0x2A2B, 0x4B2E, 0x1945, 0x0883, 0x0883, 0x1083, 0x10A4,
  0x0863, 0x0020, 0x0020, 0x0020, 0x0021, 0x0883, 0x18E6, 0x2988, 0x31C9, 0x3A2A, 0x52EB, 0x424A,
  0x426B, 0x4A8B, 0x3A07, 0x0862, 0x0022, 0x0022, 0x0022, 0x0022, 0x0022, 0x0022, 0x0022, 0x0022,
  0x0022, 0x0022, 0x0022, 0x0022, 0x0022, 0x0022, 0x0022, 0x0022, 0x0022, 0x0022, 0x0863, 0x0843,
  0x0022, 0x0022, 0x0022, 0x0022, 0x0022, 0x0022, 0x0022, 0x0022, 0x0022, 0x0022, 0x0022, 0x0042,
  0x0042, 0x0042, 0x0042, 0x0863, 0x0042, 0x0863, 0x1905, 0x10C4, 0x0022, 0x0862, 0x0883, 0x2965,
  0x6B8D, 0x426B, 0x52EC, 0x4ACC, 0x31E9, 0x1906, 0x29C9, 0x31C9, 0x10E5, 0x10C4, 0x0042, 0x0042,
  0x0042, 0x0022, 0x20A4, 0x6A0E, 0x69F1, 0x492E, 0x20AA, 0x18A7, 0x1085, 0x2106, 0x31C8, 0x29A8,
  0x1905, 0x0883, 0x10A4, 0x1906, 0x28E8, 0x5170, 0x494F, 0x2087, 0x0022, 0x0042, 0x0042, 0x0022,
  0x0883, 0x3208, 0x08A3, 0x0022, 0x0022, 0x2125, 0x530D, 0x428C, 0x31C9, 0x29A9, 0x10C5, 0x0884,
  0x10A4, 0x2146, 0x4B2E, 0x322B, 0x0043, 0x0044, 0x0043, 0x0043, 0x0844, 0x0044, 0x0044, 0x0044,
  0x0044, 0x324B, 0x4B2E, 0x1925, 0x0042, 0x0884, 0x10C5, 0x0842, 0x0000, 0x0020, 0x0042, 0x0883,
  0x0862, 0x10C5, 0x2148, 0x31E9, 0x424A, 0x634C, 0x52CB, 0x29A9, 0x3A2A, 0x4A8A, 0x2124, 0x0022,
  0x0022, 0x0043, 0x0022, 0x0022, 0x0022, 0x0022, 0x0022, 0x0022, 0x0042, 0x0022, 0x0022, 0x0022,
  0x0022, 0x0022, 0x0022, 0x0022, 0x0022, 0x0022, 0x0022, 0x0022, 0x0022, 0x0022, 0x0042, 0x10A3,
  0x0042, 0x0042, 0x0022, 0x0022, 0x0022, 0x0022, 0x0022, 0x0042, 0x0042, 0x0042, 0x0042, 0x0022,
  0x0042, 0x1905, 0x3A09, 0x29A9, 0x0883, 0x2945, 0x31A7, 0x0883, 0x6B6C, 0x4AAB, 0x4ACB, 0x4ACC,
  0x320A, 0x2147, 0x31EA, 0x31EA, 0x18E5, 0x10A4, 0x0021, 0x0022, 0x0022, 0x0022, 0x4969, 0x69F0,
  0x412E, 0x20CA, 0x18A8, 0x2947, 0x2988, 0x2127, 0x2147, 0x2147, 0x10C4, 0x10C4, 0x0883, 0x10C4,
  0x18E6, 0x30EB, 0x28A9, 0x0843, 0x0022, 0x0022, 0x0042, 0x0022, 0x0022, 0x0062, 0x0022, 0x0022,
  0x0022, 0x31A7, 0x5B2E, 0x31E9, 0x31E9, 0x29A9, 0x10C6, 0x0884, 0x0884, 0x1925, 0x4B2E, 0x324B,
  0x0044, 0x0043, 0x0043, 0x0044, 0x0044, 0x0043, 0x0044, 0x0044, 0x0044, 0x326C, 0x4B0D, 0x1925,
  0x0883, 0x0862, 0x0021, 0x0000, 0x0862, 0x10A4, 0x10C5, 0x10E6, 0x0883, 0x1906, 0x31EA, 0x4AAC,
  0x4A8A, 0x3A08, 0x2988, 0x320A, 0x52CB, 0x4268, 0x0001, 0x0022, 0x18A5, 0x398A, 0x1085, 0x0022,
  0x0022, 0x0022, 0x0022, 0x0022, 0x0022, 0x0022, 0x0022, 0x0022, 0x0022, 0x0022, 0x0022, 0x0022,
  0x0022, 0x0022, 0x0022, 0x0022, 0x0022, 0x0022, 0x0862, 0x2945, 0x0862, 0x0022, 0x0022, 0x0022,
  0x0022, 0x0022, 0x0042, 0x0042, 0x0042, 0x0042, 0x0042, 0x0042, 0x0042, 0x39C6, 0x632C, 0x426B,
  0x2125, 0x0022, 0x0042, 0x0042, 0x3A07, 0x52CB, 0x5B0B, 0x5B0C, 0x3A2A, 0x2988, 0x3A2A, 0x31C9,
  0x10E5, 0x10A4, 0x0022, 0x0022, 0x0022, 0x1063, 0x61ED, 0x69F1, 0x30CB, 0x18A8, 0x1887, 0x52CA,
  0x5B4C, 0x3A4B, 0x29A9, 0x2127, 0x1906, 0x2147, 0x1926, 0x0862, 0x0883, 0x1083, 0x0021, 0x0022,
  0x0022, 0x0042, 0x0042, 0x0022, 0x0022, 0x0022, 0x0022, 0x0022, 0x0022, 0x31C8, 0x636F, 0x29A9,
  0x31C9, 0x31EA, 0x1906, 0x10A5, 0x0883, 0x1925, 0x4B2E, 0x326C, 0x0044, 0x0044, 0x0044, 0x0044,
  0x0044, 0x0044, 0x0044, 0x0043, 0x0064, 0x328C, 0x42ED, 0x10E4, 0x0883, 0x10A4, 0x10A4, 0x0862,
  0x0862, 0x10C5, 0x10C5, 0x10E5, 0x10C4, 0x29A8, 0x3A0A, 0x29A7, 0x1905, 0x29A8, 0x428B, 0x634C,
  0x5B2C, 0x31A6, 0x0002, 0x0022, 0x18A6, 0x418B, 0x1085, 0x0022, 0x0022, 0x0022, 0x0022, 0x0022,
  0x0022, 0x0022, 0x0022, 0x0022, 0x0022, 0x0022, 0x0022, 0x0002, 0x0022, 0x0022, 0x0042, 0x0042,
  0x0042, 0x0022, 0x0022, 0x0022, 0x0022, 0x0022, 0x0022, 0x0022, 0x0022, 0x0022, 0x0022, 0x0022,
  0x0042, 0x0042, 0x0022, 0x0022, 0x0022, 0x2985, 0x6B8C, 0x6B6D, 0x2986, 0x0022, 0x0022, 0x0022,
  0x0883, 0x31C7, 0x5B0B, 0x6BAD, 0x426B, 0x31E9, 0x3A4B, 0x2988, 0x10E6, 0x10A4, 0x0022, 0x0022,
  0x0022, 0x18A4, 0x61CF, 0x5990, 0x20A8, 0x18A7, 0x1085, 0x5B0A, 0x6BAD, 0x5B4C, 0x4AAA, 0x2147,
  0x1906, 0x2147, 0x2168, 0x1906, 0x10C4, 0x10A3, 0x0042, 0x0022, 0x0022, 0x0022, 0x0022, 0x0022,
  0x0022, 0x0022, 0x0022, 0x0022, 0x0042, 0x3A09, 0x5B2E, 0x2167, 0x29A9, 0x31EA, 0x2147, 0x10A5,
  0x0883, 0x1905, 0x4B0D, 0x3A8C, 0x0064, 0x0043, 0x0044, 0x0044, 0x0043, 0x0043, 0x0044, 0x0044,
  0x0884, 0x3AAD, 0x42CD, 0x10A3, 0x0022, 0x0042, 0x10A4, 0x10C5, 0x0863, 0x0862, 0x10A4, 0x1906,
  0x2146, 0x3A0A, 0x29A8, 0x2146, 0x3A2A, 0x634C, 0x634B, 0x52A9, 0x31C6, 0x0862, 0x0022, 0x0022,
  0x0022, 0x0863, 0x0022, 0x0022, 0x0022, 0x0022, 0x0022, 0x0022, 0x0022, 0x0022, 0x0022, 0x0022,
  0x0022, 0x0042, 0x1925, 0x3208, 0x10A3, 0x0022, 0x0022, 0x0022, 0x0042, 0x0022, 0x0022, 0x1083,
  0x0042, 0x0022, 0x0022, 0x0022, 0x0042, 0x0883, 0x0042, 0x0022, 0x0022, 0x0042, 0x0883, 0x18E5,
  0x0042, 0x0882, 0x2965, 0x3185, 0x0883, 0x0022, 0x0042, 0x0022, 0x0022, 0x0043, 0x4A68, 0x7BED,
  0x4A8B, 0x31C9, 0x3A2A, 0x2147, 0x10C5, 0x0042, 0x0022, 0x0023, 0x1065, 0x30E9, 0x598E, 0x494E,
  0x1887, 0x1086, 0x0865, 0x52A9, 0x5B2C, 0x428B, 0x4AAB, 0x29A8, 0x2147, 0x1927, 0x1906, 0x1906,
  0x10C5, 0x0882, 0x0883, 0x0022, 0x0042, 0x0042, 0x0022, 0x0042, 0x0022, 0x0022, 0x0022, 0x0022,
  0x2125, 0x5B0D, 0x4AAC, 0x2167, 0x31E9, 0x320A, 0x2188, 0x0884, 0x0042, 0x10E4, 0x42ED, 0x3AAC,
  0x0064, 0x0044, 0x0044, 0x0844, 0x0044, 0x0044, 0x0044, 0x0044, 0x0885, 0x42CD, 0x42CD, 0x0883,
  0x0022, 0x0042, 0x0022, 0x0062, 0x10C5, 0x18E6, 0x1906, 0x18E5, 0x2988, 0x3A2A, 0x3A4A, 0x4AAB,
  0x636C, 0x52C9, 0x18E3, 0x0882, 0x0042, 0x0022, 0x0022, 0x0022, 0x0022, 0x0022, 0x0022, 0x0022,
  0x0022, 0x0022, 0x0883, 0x0842, 0x0022, 0x0022, 0x0022, 0x0022, 0x0042, 0x1926, 0x3A2A, 0x63B0,
  0x2146, 0x0022, 0x0022, 0x0042, 0x0042, 0x0883, 0x10E5, 0x2106, 0x0862, 0x0022, 0x0022, 0x0022,
  0x0863, 0x2946, 0x0862, 0x0022, 0x0022, 0x0042, 0x0042, 0x0863, 0x0042, 0x0042, 0x0042, 0x0042,
  0x0022, 0x0022, 0x0042, 0x0022, 0x0022, 0x0022, 0x4206, 0x7BEC, 0x52CB, 0x3A0A, 0x3A0A, 0x2168,
  0x10A4, 0x0022, 0x1065, 0x30EB, 0x390C, 0x28C8, 0x392B, 0x390C, 0x1087, 0x18A7, 0x20A8, 0x39A9,
  0x738C, 0x3A2A, 0x320A, 0x31E8, 0x2147, 0x2147, 0x10E6, 0x10A4, 0x10C4, 0x0862, 0x0862, 0x0022,
  0x0042, 0x0063, 0x0022, 0x0022, 0x0022, 0x0022, 0x0022, 0x0021, 0x4AAB, 0x530D, 0x3A2B, 0x2188,
  0x320A, 0x320A, 0x2188, 0x0884, 0x0021, 0x10A3, 0x42CC, 0x3ACD, 0x0884, 0x0044, 0x0044, 0x0044,
  0x0044, 0x0043, 0x0043, 0x0043, 0x08A5, 0x42CE, 0x42AC, 0x0063, 0x0042, 0x0042, 0x0042, 0x0022,
  0x0042, 0x10C4, 0x2126, 0x2146, 0x3A09, 0x5B0C, 0x636C, 0x4A89, 0x4227, 0x0842, 0x0022, 0x0042,
  0x0042, 0x0042, 0x0022, 0x0042, 0x0022, 0x0022, 0x0042, 0x0022, 0x0022, 0x0022, 0x20E5, 0x10A3,
  0x0022, 0x0022, 0x0022, 0x0022, 0x0883, 0x18E5, 0x2147, 0x638F, 0x2145, 0x0022, 0x0022, 0x0042,
  0x0883, 0x18E6, 0x1907, 0x1906, 0x10A4, 0x0042, 0x0022, 0x0022, 0x0022, 0x0022, 0x0022, 0x0022,
  0x0022, 0x0022, 0x0022, 0x0022, 0x0022, 0x0042, 0x0022, 0x0042, 0x0042, 0x0042, 0x0022, 0x0022,
  0x0042, 0x0843, 0x2965, 0x83EC, 0x73ED, 0x4ACC, 0x3A4B, 0x2168, 0x0883, 0x1065, 0x410D, 0x4970,
  0x28CA, 0x1066, 0x20C9, 0x310C, 0x390C, 0x414D, 0x496E, 0x392B, 0x5ACA, 0x634C, 0x4AEC, 0x6BAD,
  0x4AA9, 0x2147, 0x2148, 0x1947, 0x10A4, 0x0842, 0x0021, 0x0022, 0x0022, 0x0022, 0x0022, 0x0022,
  0x0022, 0x0022, 0x0022, 0x2125, 0x5B2E, 0x3A2A, 0x320A, 0x31EA, 0x3A0A, 0x320A, 0x2988, 0x0884,
  0x0021, 0x0041, 0x42CC, 0x42ED, 0x0885, 0x0044, 0x0044, 0x0044, 0x0044, 0x0044, 0x0044, 0x0044,
  0x08A5, 0x42EE, 0x42AC, 0x0062, 0x0042, 0x0042, 0x0042, 0x0042, 0x0022, 0x0042, 0x10A4, 0x2125,
  0x426A, 0x5B0B, 0x4227, 0x10A3, 0x0001, 0x0022, 0x0022, 0x0022, 0x0022, 0x0042, 0x0022, 0x0042,
  0x0042, 0x0042, 0x0042, 0x0042, 0x0022, 0x0022, 0x0022, 0x0022, 0x0022, 0x0042, 0x0022, 0x0021,
  0x0842, 0x0842, 0x2168, 0x5B8F, 0x31E8, 0x0022, 0x0022, 0x0842, 0x10E5, 0x1906, 0x1906, 0x1906,
  0x1906, 0x10A4, 0x0022, 0x0042, 0x0042, 0x0022, 0x0022, 0x0022, 0x0022, 0x0042, 0x0042, 0x0042,
  0x0042, 0x0042, 0x0042, 0x0022, 0x0022, 0x0022, 0x0022, 0x0863, 0x1905, 0x0022, 0x0001, 0x6309,
  0x8C6E, 0x5B2D, 0x428B, 0x2127, 0x0843, 0x28A9, 0x5971, 0x59B2, 0x5170, 0x494E, 0x414D, 0x412D,
  0x412C, 0x310A, 0x28E9, 0x18A6, 0x2945, 0x6B6B, 0x6BCD, 0x7C4E, 0x6BCD, 0x4248, 0x1906, 0x10E5,
  0x0042, 0x0041, 0x10A3, 0x0042, 0x0022, 0x0022, 0x0022, 0x0022, 0x20E5, 0x0042, 0x0001, 0x426A,
  0x530D, 0x320A, 0x320A, 0x320A, 0x3A0A, 0x320A, 0x2167, 0x0863, 0x0000, 0x0020, 0x3AAC, 0x3AED,
  0x08A5, 0x0044, 0x0044, 0x0044, 0x0044, 0x0044, 0x0044, 0x0044, 0x08C5, 0x42EE, 0x42AB, 0x0042,
  0x0042, 0x0042, 0x0042, 0x0042, 0x0042, 0x0022, 0x0022, 0x0042, 0x2124, 0x1904, 0x0042, 0x0042,
  0x2105, 0x2946, 0x0022, 0x0022, 0x0042, 0x0042, 0x0042, 0x0042, 0x0042, 0x0042, 0x0042, 0x0022,
  0x0022, 0x0022, 0x0022, 0x0022, 0x0022, 0x0042, 0x0022, 0x0021, 0x0863, 0x0883, 0x2147, 0x4AED,
  0x426A, 0x0022, 0x0022, 0x0884, 0x1906, 0x1927, 0x2988, 0x2167, 0x1906, 0x1927, 0x10E4, 0x0042,
  0x0042, 0x0042, 0x0022, 0x0022, 0x0883, 0x2145, 0x0022, 0x0042, 0x0042, 0x0042, 0x0042, 0x0042,
  0x0022, 0x0022, 0x0022, 0x0042, 0x0883, 0x0042, 0x0002, 0x4206, 0x8C4D, 0x6B8D, 0x4AAB, 0x10C5,
  0x0042, 0x1065, 0x30EA, 0x390B, 0x310A, 0x20A8, 0x1886, 0x1065, 0x1086, 0x1086, 0x1086, 0x10A6,
  0x18C5, 0x4A68, 0x73CD, 0x638D, 0x530C, 0x5B6C, 0x31E6, 0x10C4, 0x1927, 0x0041, 0x0041, 0x0042,
  0x0022, 0x0022, 0x0022, 0x0022, 0x1063, 0x0022, 0x0001, 0x4AAB, 0x52CD, 0x3A2A, 0x320A, 0x320A,
  0x320A, 0x31C9, 0x1906, 0x0042, 0x0021, 0x0020, 0x3AAB, 0x3AED, 0x08A5, 0x0044, 0x0044, 0x0844,
  0x0044, 0x0043, 0x0044, 0x0043, 0x08C5, 0x42EE, 0x428B, 0x0042, 0x0042, 0x0863, 0x0042, 0x0042,
  0x0042, 0x0022, 0x0022, 0x0042, 0x31C8, 0x3A2A, 0x0022, 0x0022, 0x0862, 0x0883, 0x0022, 0x0022,
  0x0042, 0x0042, 0x0022, 0x0042, 0x0022, 0x0042, 0x0022, 0x0022, 0x0022, 0x0022, 0x0022, 0x0022,
  0x0022, 0x0022, 0x0021, 0x0863, 0x0842, 0x1905, 0x2147, 0x3A4B, 0x428B, 0x0022, 0x0022, 0x10A4,
  0x1927, 0x31A9, 0x3A4A, 0x3A2A, 0x2988, 0x31E9, 0x31C9, 0x10E4, 0x0042, 0x0022, 0x0042, 0x0022,
  0x0022, 0x0042, 0x0022, 0x0022, 0x0042, 0x0042, 0x0042, 0x0022, 0x0022, 0x0022, 0x0022, 0x0022,
  0x0022, 0x0042, 0x0022, 0x18C4, 0x6B29, 0x842D, 0x530B, 0x18E4, 0x0042, 0x0042, 0x0022, 0x0022,
  0x0022, 0x0022, 0x0022, 0x0022, 0x0022, 0x0864, 0x1085, 0x10A5, 0x18A6, 0x39C7, 0x7BCC, 0x6B8D,
  0x428B, 0x638C, 0x636B, 0x2147, 0x2189, 0x10C5, 0x0021, 0x0022, 0x0022, 0x0022, 0x0022, 0x0022,
  0x0022, 0x0022, 0x18E4, 0x530C, 0x426B, 0x320A, 0x29C9, 0x29C9, 0x29C9, 0x1927, 0x10E6, 0x0042,
  0x0883, 0x0020, 0x3A8B, 0x42ED, 0x08C5, 0x0044, 0x0044, 0x0844, 0x0043, 0x0043, 0x0044, 0x0043,
  0x08C5, 0x42EE, 0x3A8B, 0x0042, 0x0022, 0x0022, 0x0042, 0x0022, 0x0022, 0x0022, 0x0022, 0x0042,
  0x31C9, 0x4AAC, 0x2146, 0x0022, 0x0022, 0x0022, 0x0022, 0x0022, 0x0863, 0x0022, 0x0022, 0x0022,
  0x0022, 0x0042, 0x0022, 0x0022, 0x0042, 0x0022, 0x0022, 0x0022, 0x0022, 0x0021, 0x0042, 0x0862,
  0x0021, 0x10E5, 0x1906, 0x3A4A, 0x4ACC, 0x0042, 0x0842, 0x10E5, 0x2988, 0x3A4A, 0x424A, 0x3A2A,
  0x31E9, 0x3A4A, 0x3A2A, 0x29A8, 0x10A4, 0x0022, 0x0042, 0x0022, 0x0022, 0x0022, 0x0883, 0x0862,
  0x0022, 0x0022, 0x0022, 0x0022, 0x0022, 0x0042, 0x0022, 0x0022, 0x0022, 0x0022, 0x0042, 0x2946,
  0x39A5, 0x736B, 0x4A68, 0x10A3, 0x0042, 0x0042, 0x0042, 0x0042, 0x0042, 0x0042, 0x0022, 0x0022,
  0x0022, 0x0022, 0x0043, 0x0864, 0x1085, 0x10A4, 0x4A27, 0x7BAC, 0x6B8C, 0x4A6A, 0x52EB, 0x29A8,
  0x2988, 0x2147, 0x0042, 0x0022, 0x0022, 0x0022, 0x10C3, 0x10E3, 0x0022, 0x0001, 0x2986, 0x530D,
  0x3A4B, 0x320A, 0x31C9, 0x29A8, 0x1926, 0x10C5, 0x10C5, 0x0862, 0x10A4, 0x0020, 0x3A8B, 0x42EE,
  0x08C5, 0x0044, 0x0044, 0x0044, 0x0043, 0x0043, 0x0044, 0x0043, 0x10C5, 0x42EE, 0x428B, 0x0022,
  0x0022, 0x0022, 0x0022, 0x2946, 0x10A3, 0x0022, 0x0022, 0x0063, 0x2147, 0x52EE, 0x426B, 0x0883,
  0x0022, 0x0022, 0x0022, 0x0022, 0x0022, 0x0022, 0x0022, 0x0022, 0x0022, 0x0022, 0x0022, 0x0042,
  0x18C5, 0x0022, 0x0022, 0x0022, 0x0021, 0x0042, 0x0884, 0x0042, 0x0021, 0x10C5, 0x10C5, 0x320A,
  0x530D, 0x10A3, 0x1905, 0x2988, 0x29A8, 0x424A, 0x424A, 0x3A2A, 0x2988, 0x31C9, 0x3A09, 0x31C9,
  0x31C8, 0x0883, 0x0022, 0x0042, 0x0042, 0x0022, 0x2125, 0x1904, 0x0042, 0x0022, 0x0022, 0x0022,
  0x0022, 0x0022, 0x0022, 0x0022, 0x0022, 0x0022, 0x0022, 0x0043, 0x0022, 0x0022, 0x0022, 0x0022,
  0x0042, 0x0042, 0x0042, 0x0042, 0x0042, 0x0042, 0x0022, 0x0022, 0x0022, 0x0022, 0x0022, 0x0022,
  0x0022, 0x0022, 0x0002, 0x2944, 0x738B, 0x73AC, 0x4A8B, 0x31E9, 0x29A8, 0x1905, 0x0022, 0x0022,
  0x0022, 0x0022, 0x10A3, 0x10C3, 0x0022, 0x0042, 0x426A, 0x5B6F, 0x3A4B, 0x29A9, 0x2988, 0x2147,
  0x10E5, 0x10C5, 0x10C5, 0x0863, 0x0883, 0x0000, 0x3A8B, 0x42EE, 0x08C5, 0x0044, 0x0044, 0x0044,
  0x0044, 0x0043, 0x0044, 0x0043, 0x10E6, 0x430E, 0x42CC, 0x1083, 0x0022, 0x0042, 0x0022, 0x2146,
  0x10A3, 0x0022, 0x0022, 0x10A5, 0x2147, 0x4ACD, 0x52ED, 0x1925, 0x0022, 0x0022, 0x0022, 0x0022,
  0x0022, 0x0022, 0x0022, 0x0022, 0x0022, 0x0022, 0x0022, 0x0022, 0x0863, 0x0022, 0x0022, 0x0021,
  0x0863, 0x10A4, 0x0863, 0x0000, 0x0863, 0x29A8, 0x29A8, 0x29A8, 0x4AEC, 0x18E4, 0x29A8, 0x3A2A,
  0x2988, 0x3A09, 0x424A, 0x3A2A, 0x2147, 0x31C8, 0x31C9, 0x3A09, 0x5B0C, 0x2125, 0x0022, 0x0042,
  0x0042, 0x0022, 0x0883, 0x0863, 0x0022, 0x0022, 0x0022, 0x0022, 0x0842, 0x2105, 0x1083, 0x0022,
  0x0022, 0x0022, 0x0022, 0x0022, 0x0022, 0x0022, 0x0022, 0x0022, 0x0042, 0x0042, 0x0042, 0x0042,
  0x0042, 0x0022, 0x0042, 0x2146, 0x29A7, 0x0863, 0x0022, 0x0022, 0x0022, 0x0022, 0x0022, 0x0022,
  0x3185, 0x738B, 0x6B4C, 0x4249, 0x2146, 0x0062, 0x0883, 0x18E5, 0x0042, 0x0022, 0x0022, 0x0022,
  0x0022, 0x0883, 0x52CC, 0x6390, 0x426C, 0x2988, 0x1906, 0x10E5, 0x10C5, 0x10C5, 0x10A4, 0x0883,
  0x0863, 0x0000, 0x428B, 0x42EE, 0x08C6, 0x0044, 0x0044, 0x0844, 0x0044, 0x0043, 0x0044, 0x0043,
  0x10E6, 0x430E, 0x5B6F, 0x3A4A, 0x0883, 0x0022, 0x0042, 0x0042, 0x0022, 0x0022, 0x0043, 0x10C5,
  0x1906, 0x3A2B, 0x5B2F, 0x31E9, 0x0042, 0x0022, 0x0022, 0x0042, 0x0883, 0x0022, 0x0022, 0x0022,
  0x0022, 0x0022, 0x0022, 0x0022, 0x0022, 0x0022, 0x0022, 0x0022, 0x10C4, 0x0883, 0x0020, 0x0000,
  0x10A4, 0x31EA, 0x3A2B, 0x2126, 0x4AAB, 0x2125, 0x3209, 0x3A4A, 0x29A8, 0x31C9, 0x3A0A, 0x3A09,
  0x52EA, 0x636C, 0x4AAA, 0x5B4C, 0x840D, 0x3185, 0x0022, 0x0022, 0x0022, 0x0022, 0x0042, 0x0022,
  0x0022, 0x0022, 0x0022, 0x0022, 0x0042, 0x1084, 0x0042, 0x0022, 0x0022, 0x0022, 0x0022, 0x0022,
  0x0022, 0x0022, 0x0022, 0x0022, 0x0022, 0x0022, 0x0022, 0x0022, 0x0042, 0x0022, 0x2124, 0x4249,
  0x31C8, 0x1905, 0x0022, 0x0022, 0x0022, 0x0022, 0x0022, 0x0022, 0x0042, 0x10C3, 0x3185, 0x2145,
  0x0042, 0x0022, 0x31A7, 0x3A0A, 0x0883, 0x0022, 0x0022, 0x0022, 0x0022, 0x18E4, 0x424A, 0x5B2F,
  0x6390, 0x29A8, 0x10A4, 0x10C5, 0x10C5, 0x10C5, 0x0863, 0x0842, 0x0042, 0x0000, 0x42AB, 0x430E,
  0x08C6, 0x0044, 0x0044, 0x0844, 0x0044, 0x0044, 0x0044, 0x0044, 0x10E6, 0x430E, 0x532E, 0x5B4F,
  0x31A7, 0x0002, 0x0022, 0x0022, 0x0022, 0x0022, 0x0884, 0x10C5, 0x10E6, 0x29A9, 0x532F, 0x52ED,
  0x0883, 0x0022, 0x0022, 0x10C5, 0x31E9, 0x0883, 0x0022, 0x0022, 0x0042, 0x10C4, 0x0042, 0x0022,
  0x0022, 0x0022, 0x0022, 0x0863, 0x0883, 0x0000, 0x0021, 0x0000, 0x1084, 0x29A8, 0x3A4B, 0x1926,
  0x3A29, 0x29A7, 0x3A4A, 0x3A0A, 0x3A0A, 0x424A, 0x3A29, 0x5B4B, 0x7C4D, 0x740C, 0x52EA, 0x638C,
  0x842D, 0x3185, 0x0022, 0x0022, 0x0042, 0x0022, 0x0022, 0x0022, 0x0022, 0x0022, 0x0022, 0x0022,
  0x0022, 0x0022, 0x0022, 0x0022, 0x0022, 0x0022, 0x0022, 0x0022, 0x0022, 0x0022, 0x0022, 0x0022,
  0x0022, 0x0022, 0x10E4, 0x10A4, 0x0042, 0x1083, 0x4208, 0x3A09, 0x2147, 0x1906, 0x0022, 0x0022,
  0x0022, 0x0043, 0x0022, 0x0022, 0x0022, 0x0022, 0x0022, 0x0022, 0x0022, 0x0883, 0x4AAB, 0x428C,
  0x08A4, 0x0022, 0x0022, 0x0022, 0x18E4, 0x4A8A, 0x31A7, 0x530E, 0x6BD1, 0x1925, 0x10C5, 0x10C5,
  0x10C5, 0x10C5, 0x0862, 0x0021, 0x0000, 0x0000, 0x42AB, 0x4B0E, 0x08E6, 0x0044, 0x0044, 0x0044,
  0x0043, 0x0044, 0x0044, 0x0044, 0x10E6, 0x4B0E, 0x42AC, 0x4ACD, 0x5B2E, 0x2967, 0x0002, 0x0022,
  0x0063, 0x18E5, 0x10C5, 0x10E5, 0x2988, 0x2988, 0x42AD, 0x532E, 0x1905, 0x0022, 0x0022, 0x10C5,
  0x428C, 0x31E8, 0x0001, 0x0022, 0x10C5, 0x3A2B, 0x31E9, 0x0883, 0x0001, 0x0022, 0x0021, 0x0863,
  0x0042, 0x0021, 0x0862, 0x0000, 0x0884, 0x2988, 0x3A0A, 0x1905, 0x1905, 0x31C9, 0x3A0A, 0x3A2A,
  0x426A, 0x426A, 0x4AAA, 0x73CC, 0x7C4D, 0x73EC, 0x634B, 0x7C0C, 0x73AB, 0x2924, 0x0022, 0x0042,
  0x0042, 0x0042, 0x0042, 0x0022, 0x0022, 0x0022, 0x0022, 0x0022, 0x0022, 0x0022, 0x0022, 0x0022,
  0x0022, 0x0863, 0x0883, 0x0022, 0x0022, 0x0022, 0x0022, 0x0022, 0x0042, 0x31C8, 0x426B, 0x1905,
  0x0022, 0x18E3, 0x6B6A, 0x6B8C, 0x424A, 0x31C9, 0x0883, 0x0022, 0x0022, 0x0043, 0x0022, 0x0022,
  0x0022, 0x0022, 0x0022, 0x0022, 0x0022, 0x2166, 0x5B6E, 0x426B, 0x08A4, 0x0022, 0x0022, 0x0021,
  0x52CC, 0x5B4E, 0x2145, 0x4AED, 0x63D1, 0x1925, 0x10C5, 0x10C5, 0x10C5, 0x0884, 0x0021, 0x0000,
  0x0000, 0x0841, 0x428B, 0x4B0E, 0x10E6, 0x0044, 0x0044, 0x0044, 0x0044, 0x0044, 0x0043, 0x0044,
  0x1106, 0x4B0E, 0x42AC, 0x3A0A, 0x5B4F, 0x5B0E, 0x2126, 0x0022, 0x10E5, 0x31E9, 0x1906, 0x10E6,
  0x426C, 0x31EA, 0x3A2B, 0x530E, 0x426B, 0x0022, 0x0863, 0x10C5, 0x320A, 0x530E, 0x3A09, 0x10A4,
  0x1907, 0x320A, 0x4AEE, 0x4AAC, 0x3A09, 0x10E4, 0x0862, 0x0863, 0x0021, 0x0883, 0x0842, 0x0000,
  0x18E5, 0x31EA, 0x320A, 0x1905, 0x10C5, 0x2167, 0x31E9, 0x426A, 0x428B, 0x4A8B, 0x52CB, 0x636C,
  0x73ED, 0x6BAC, 0x6B8C, 0x948D, 0x6B49, 0x0862, 0x0022, 0x0042, 0x0042, 0x0022, 0x0022, 0x0022,
  0x0022, 0x0042, 0x0042, 0x0042, 0x0042, 0x0042, 0x0022, 0x0022, 0x0022, 0x0042, 0x0042, 0x0022,
  0x0022, 0x0022, 0x0022, 0x10C4, 0x3A4A, 0x532E, 0x3A2A, 0x2126, 0x0863, 0x0842, 0x62E8, 0x8C6D,
  0x6B6C, 0x31A7, 0x0022, 0x0022, 0x0022, 0x0022, 0x0022, 0x0022, 0x0022, 0x0863, 0x1084, 0x0022,
  0x0883, 0x4AAB, 0x5B6F, 0x29A8, 0x10A5, 0x0022, 0x0021, 0x0862, 0x636E, 0x4ACD, 0x10C5, 0x4AED,
  0x534E, 0x10E5, 0x10C5, 0x10C5, 0x10C5, 0x0862, 0x0000, 0x0000, 0x0000, 0x0883, 0x428A, 0x4B0E,
  0x10E6, 0x0044, 0x0044, 0x0044, 0x0044, 0x0044, 0x0043, 0x0043, 0x1106, 0x4B2F, 0x42AB, 0x31C9,
  0x3A2B, 0x4AAD, 0x4A8B, 0x1905, 0x10C5, 0x2147, 0x10C5, 0x10E6, 0x3A2B, 0x3A2B, 0x31E9, 0x426C,
  0x5B4F, 0x31E9, 0x10E5, 0x10C6, 0x2127, 0x4AEE, 0x5B4F, 0x31C9, 0x1947, 0x1947, 0x29A9, 0x42AC,
  0x530E, 0x5B4E, 0x31C8, 0x0842, 0x0021, 0x0883, 0x0021, 0x0000, 0x2146, 0x3A2B, 0x320A, 0x31C9,
  0x2146, 0x2147, 0x3A29, 0x428A, 0x5B2C, 0x73CD, 0x636C, 0x5B2C, 0x4AAB, 0x4AAB, 0x636C, 0x8C4D,
  0x5287, 0x0022, 0x0022, 0x0022, 0x0042, 0x0042, 0x0042, 0x0022, 0x0022, 0x0042, 0x0042, 0x0042,
  0x0042, 0x0042, 0x0022, 0x0022, 0x0022, 0x0022, 0x0022, 0x0022, 0x0062, 0x1905, 0x31C8, 0x52ED,
  0x5B4F, 0x428C, 0x1906, 0x2147, 0x08A4, 0x0022, 0x2123, 0x62E8, 0x5AA8, 0x1083, 0x0022, 0x0022,
  0x0022, 0x0022, 0x0022, 0x0042, 0x0042, 0x0022, 0x0022, 0x0022, 0x29A7, 0x638F, 0x52ED, 0x2147,
  0x10C6, 0x0884, 0x0883, 0x31C7, 0x530D, 0x3A4B, 0x2987, 0x4AAD, 0x3209, 0x0883, 0x10C5, 0x10C5,
  0x10A4, 0x0041, 0x0000, 0x0020, 0x0000, 0x0842, 0x428A, 0x4B2E, 0x1106, 0x0044, 0x0044, 0x0044,
  0x0043, 0x0043, 0x0043, 0x0043, 0x1926, 0x4B2F, 0x428B, 0x2968, 0x2988, 0x320A, 0x52ED, 0x31E9,
  0x10E6, 0x10E6, 0x10E6, 0x10E6, 0x29C9, 0x320A, 0x320A, 0x31E9, 0x530E, 0x5B4F, 0x29A8, 0x10C5,
  0x10E6, 0x3A2A, 0x6390, 0x532E, 0x2188, 0x1106, 0x1906, 0x29A9, 0x31EA, 0x3A2A, 0x2967, 0x0863,
  0x0021, 0x0863, 0x0000, 0x0000, 0x18E5, 0x3A2A, 0x320A, 0x3A4B, 0x3A29, 0x2987, 0x5B2B, 0x5B4B,
  0x7C2D, 0x73AC, 0x6BAD, 0x634C, 0x5B0C, 0x73AC, 0x7C0C, 0x6309, 0x10A3, 0x0001, 0x0001, 0x0022,
  0x18E5, 0x31C9, 0x31E9, 0x1905, 0x0022, 0x0022, 0x0022, 0x0022, 0x0022, 0x0022, 0x0001, 0x0001,
  0x0022, 0x10C4, 0x29A8, 0x31E9, 0x3A4A, 0x4AAC, 0x532E, 0x532E, 0x3A4B, 0x29A9, 0x10C5, 0x10E6,
  0x10C5, 0x0883, 0x0022, 0x0002, 0x0002, 0x0022, 0x0022, 0x0022, 0x0022, 0x0002, 0x10C4, 0x3A29,
  0x3209, 0x0884, 0x0022, 0x1905, 0x532D, 0x5B8F, 0x3A2A, 0x29C9, 0x18E6, 0x2147, 0x2987, 0x428A,
  0x4AAC, 0x3A2B, 0x29A8, 0x31E9, 0x18E4, 0x0883, 0x10C5, 0x08A4, 0x0042, 0x0000, 0x0021, 0x0883,
  0x0021, 0x0000, 0x426A, 0x4B2E, 0x1106, 0x0044, 0x0044, 0x0044, 0x0043, 0x0043, 0x0043, 0x0043,
  0x1927, 0x4B4F, 0x428B, 0x2988, 0x2988, 0x29C9, 0x31EA, 0x1927, 0x10E6, 0x10E6, 0x10E6, 0x10E6,
  0x2147, 0x2168, 0x3A4B, 0x4AAD, 0x31EA, 0x4AEE, 0x426B, 0x1906, 0x10C5, 0x1947, 0x428C, 0x5B6F,
  0x4ACD, 0x426B, 0x29C8, 0x1927, 0x1907, 0x10C5, 0x0883, 0x0021, 0x0862, 0x0042, 0x0000, 0x0020,
  0x10C5, 0x31E9, 0x29A8, 0x3A2B, 0x52CB, 0x1925, 0x4248, 0x73CC, 0x7BCC, 0x634C, 0x948D, 0x842D,
  0x8C2D, 0x7BCB, 0x5AEA, 0x4AAC, 0x428B, 0x2987, 0x1905, 0x1906, 0x2988, 0x3A2A, 0x428C, 0x3A4A,
  0x2988, 0x1905, 0x10E5, 0x0863, 0x0022, 0x2126, 0x31C8, 0x31C8, 0x3A2A, 0x4ACD, 0x5B4F, 0x530E,
  0x4AED, 0x42AC, 0x428C, 0x3A2A, 0x29A8, 0x1906, 0x10E6, 0x10E5, 0x1906, 0x1906, 0x10C4, 0x0863,
  0x0002, 0x0002, 0x0022, 0x0022, 0x0022, 0x2186, 0x42CC, 0x532E, 0x3A2A, 0x2147, 0x2988, 0x4AAC,
  0x5B6F, 0x52CC, 0x4AAA, 0x29A8, 0x10E5, 0x18E6, 0x10E5, 0x4ACC, 0x426B, 0x3A2B, 0x31E9, 0x1905,
  0x0883, 0x08A4, 0x08A4, 0x0042, 0x0041, 0x0021, 0x0883, 0x10A4, 0x0021, 0x0000, 0x426A, 0x4B2E,
  0x1106, 0x0044, 0x0044, 0x0044, 0x0043, 0x0043, 0x0044, 0x0023, 0x1947, 0x4B4F, 0x428B, 0x2988,
  0x2988, 0x2148, 0x1906, 0x10E6, 0x10E6, 0x10E6, 0x10E6, 0x2127, 0x18E6, 0x10E5, 0x31EA, 0x5B50,
  0x426C, 0x29A9, 0x428C, 0x2168, 0x1926, 0x10E6, 0x1926, 0x428C, 0x3A6B, 0x4B0E, 0x532F, 0x426B,
  0x10E5, 0x0883, 0x0042, 0x0000, 0x0883, 0x0021, 0x0041, 0x0842, 0x2146, 0x3A0A, 0x2988, 0x426B,
  0x636E, 0x18E4, 0x4229, 0x6B8C, 0x4AAA, 0x6B6C, 0xA4EE, 0x9CCD, 0x736A, 0x39E8, 0x428C, 0x426C,
  0x4AAC, 0x4ACD, 0x4ACD, 0x3A2A, 0x2167, 0x2147, 0x2147, 0x2168, 0x2988, 0x2168, 0x2168, 0x29A8,
  0x426B, 0x3A2B, 0x428C, 0x428C, 0x428D, 0x530E, 0x428C, 0x426C, 0x530E, 0x320A, 0x2147, 0x1906,
  0x10E6, 0x10E6, 0x10E6, 0x10E6, 0x10E5, 0x10E5, 0x1927, 0x29A8, 0x2167, 0x2987, 0x2987, 0x10E4,
  0x428B, 0x536F, 0x4B0D, 0x31E9, 0x10E6, 0x2988, 0x424B, 0x5B4E, 0x4AAB, 0x6B8C, 0x52CB, 0x2167,
  0x1906, 0x10C5, 0x2146, 0x530D, 0x4AAC, 0x3A2B, 0x31E9, 0x10E4, 0x08A5, 0x1906, 0x0863, 0x0842,
  0x0842, 0x0862, 0x10A4, 0x0884, 0x0020, 0x0000, 0x426A, 0x4B2E, 0x1126, 0x0044, 0x0044, 0x0043,
  0x0043, 0x0043, 0x0043, 0x0023, 0x1947, 0x4B50, 0x3A6B, 0x2147, 0x1927, 0x18E6, 0x10E6, 0x10E6,
  0x10E6, 0x10E6, 0x1906, 0x2988, 0x10E6, 0x10C5, 0x2168, 0x4AEE, 0x532F, 0x1947, 0x2988, 0x2127,
  0x31C9, 0x2168, 0x10E6, 0x2167, 0x3A4B, 0x320A, 0x4ACD, 0x426B, 0x10C4, 0x0842, 0x0021, 0x0000,
  0x0883, 0x0000, 0x0862, 0x0042, 0x2166, 0x3A2A, 0x2988, 0x52ED, 0x638E, 0x2966, 0x5B0A, 0x634B,
  0x632B, 0x73CC, 0x8C4C, 0x5AC9, 0x2987, 0x2127, 0x320A, 0x3A6B, 0x29A9, 0x2988, 0x3A2B, 0x4AED,
  0x426B, 0x31EA, 0x2988, 0x2968, 0x2988, 0x29A9, 0x29A9, 0x29C9, 0x320A, 0x320A, 0x320A, 0x3A2B,
  0x3A2B, 0x2147, 0x2167, 0x31E9, 0x2147, 0x10E6, 0x10C6, 0x10C5, 0x10E5, 0x10E6, 0x18E6, 0x10E6,
  0x10E6, 0x10E6, 0x10C6, 0x1906, 0x2147, 0x31E9, 0x4ACD, 0x532E, 0x534E, 0x4ACC, 0x3A2A, 0x10C5,
  0x18E6, 0x3A2A, 0x5B4F, 0x4ACD, 0x52EA, 0x73ED, 0x424B, 0x31C9, 0x1906, 0x10A4, 0x31C8, 0x638F,
  0x4ACC, 0x320A, 0x1926, 0x08A4, 0x10A5, 0x1926, 0x0884, 0x0863, 0x0000, 0x0022, 0x10A5, 0x0843,
  0x0000, 0x0000, 0x3A49, 0x4B2E, 0x1127, 0x0044, 0x0044, 0x0844, 0x0043, 0x0043, 0x0043, 0x0043,
  0x1967, 0x5370, 0x3A4A, 0x10C5, 0x10E6, 0x10E6, 0x18E6, 0x10E6, 0x10E6, 0x10E6, 0x1906, 0x1906,
  0x10E5, 0x10E5, 0x1906, 0x3A4C, 0x5B70, 0x426C, 0x18E6, 0x10E6, 0x29A9, 0x31EA, 0x2147, 0x10E6,
  0x2988, 0x3A4B, 0x2127, 0x10A4, 0x0022, 0x0883, 0x0042, 0x0000, 0x0000, 0x0042, 0x10A4, 0x10C4,
  0x2166, 0x3A0A, 0x2167, 0x4ACD, 0x52EC, 0x31C8, 0x4229, 0x632A, 0x840C, 0x7BCB, 0x52A9, 0x31EA,
  0x3A0A, 0x3A2A, 0x31E9, 0x29A8, 0x29A9, 0x31CA, 0x31EA, 0x3A2B, 0x3A2B, 0x3A0A, 0x3A0A, 0x3A0A,
  0x3A0A, 0x3A0A, 0x31EA, 0x29C9, 0x29A9, 0x29A9, 0x29A9, 0x2988, 0x2147, 0x1927, 0x2147, 0x2147,
  0x1927, 0x2147, 0x2147, 0x2147, 0x2167, 0x2988, 0x29A9, 0x29A9, 0x29A9, 0x2147, 0x1927, 0x2188,
  0x3A4B, 0x3A6C, 0x428C, 0x320A, 0x2188, 0x29C9, 0x1927, 0x10C5, 0x31C9, 0x4ACD, 0x4ACD, 0x2147,
  0x636B, 0x6BCD, 0x426A, 0x29A8, 0x10C4, 0x08A4, 0x3A29, 0x5B4E, 0x426B, 0x31E9, 0x1905, 0x1906,
  0x10A5, 0x10C5, 0x10A4, 0x0863, 0x0042, 0x0042, 0x10A4, 0x0042, 0x0000, 0x0000, 0x3A49, 0x4B2E,
  0x1927, 0x0044, 0x0044, 0x0044, 0x0043, 0x0043, 0x0043, 0x0043, 0x1968, 0x5370, 0x3A4A, 0x10E6,
  0x18E6, 0x18E6, 0x18E6, 0x10E6, 0x10E6, 0x10E6, 0x10E6, 0x1906, 0x10E5, 0x10E6, 0x10C6, 0x2147,
  0x3A2B, 0x4AAD, 0x3A0A, 0x2147, 0x1906, 0x2148, 0x2988, 0x1906, 0x1907, 0x31CA, 0x2147, 0x0884,
  0x0883, 0x10A3, 0x0841, 0x0000, 0x0021, 0x10C5, 0x2967, 0x2988, 0x2146, 0x29A8, 0x2968, 0x426B,
  0x3A4A, 0x31C9, 0x31EA, 0x3A2A, 0x4A6A, 0x4249, 0x31E9, 0x31EA, 0x31C9, 0x3A4B, 0x4AEE, 0x3A6B,
  0x29A9, 0x3A2B, 0x3A2B, 0x3A0A, 0x320A, 0x320A, 0x3A0A, 0x3A0A, 0x3A0A, 0x3A0A, 0x320A, 0x31EA,
  0x320A, 0x3A4C, 0x3A2B, 0x320A, 0x31EA, 0x31EA, 0x31EA, 0x31EA, 0x31C9, 0x31C9, 0x31EA, 0x31EA,
  0x320A, 0x320A, 0x320A, 0x320A, 0x31EA, 0x29C9, 0x29C9, 0x31E9, 0x31EA, 0x29A8, 0x2167, 0x2147,
  0x1927, 0x10C6, 0x10C6, 0x10C5, 0x29A8, 0x31C9, 0x2147, 0x2168, 0x52CA, 0x6BCD, 0x530D, 0x2987,
  0x0042, 0x0884, 0x426A, 0x52ED, 0x3A2B, 0x29A8, 0x2147, 0x29A8, 0x10C5, 0x10A5, 0x10A5, 0x0863,
  0x08A4, 0x0842, 0x0883, 0x0862, 0x0000, 0x0000, 0x3A29, 0x4B4F, 0x1947, 0x0044, 0x0044, 0x0044,
  0x0043, 0x0044, 0x0043, 0x0023, 0x1968, 0x5390, 0x322A, 0x18E6, 0x18E6, 0x18E6, 0x18E6, 0x10E6,
  0x18E6, 0x10E6, 0x1926, 0x31C9, 0x2988, 0x18E6, 0x10E6, 0x10C6, 0x18E6, 0x2147, 0x2988, 0x2988,
  0x2968, 0x29A9, 0x31CA, 0x31C9, 0x31C9, 0x2967, 0x18E4, 0x1905, 0x29C8, 0x426A, 0x6B6C, 0x5AC9,
  0x10A2, 0x18E5, 0x31E9, 0x31C9, 0x2125, 0x2146, 0x29C9, 0x3A4B, 0x428B, 0x31C9, 0x31E9, 0x3A0A,
  0x320A, 0x31C9, 0x2988, 0x2147, 0x1906, 0x2168, 0x29C9, 0x428C, 0x31E9, 0x1926, 0x29A9, 0x426C,
  0x3A2B, 0x3A0A, 0x3A0A, 0x320A, 0x31EA, 0x31EA, 0x320A, 0x320A, 0x3A4B, 0x3A2A, 0x31EA, 0x320A,
  0x3A0B, 0x3A0A, 0x3A0A, 0x320A, 0x31EA, 0x31EA, 0x320A, 0x3A09, 0x31E9, 0x3A2A, 0x428C, 0x4ACD,
  0x4AAD, 0x4AAD, 0x42AC, 0x426C, 0x3A4B, 0x3A2A, 0x31EA, 0x31EA, 0x31C9, 0x29C9, 0x29A9, 0x1927,
  0x10E6, 0x2125, 0x31C7, 0x31C9, 0x3A09, 0x6B8C, 0x530C, 0x2167, 0x2146, 0x2967, 0x4A8B, 0x428C,
  0x3A2A, 0x2967, 0x2147, 0x31C9, 0x10E5, 0x10C5, 0x0884, 0x0883, 0x0884, 0x0021, 0x0883, 0x0883,
  0x0000, 0x0000, 0x3A29, 0x536F, 0x1967, 0x0044, 0x0044, 0x0044, 0x0043, 0x0043, 0x0043, 0x0023,
  0x2188, 0x5390, 0x3229, 0x10C5, 0x10E6, 0x18E6, 0x1906, 0x1927, 0x2168, 0x2988, 0x29A8, 0x31EA,
  0x31EA, 0x31A9, 0x2127, 0x1906, 0x1906, 0x2167, 0x31C9, 0x31EA, 0x3A2B, 0x320A, 0x320A, 0x31EA,
  0x2167, 0x1926, 0x2967, 0x31E9, 0x3A4A, 0x532C, 0x636D, 0x944E, 0x39A5, 0x1905, 0x3A0A, 0x31A8,
  0x10A3, 0x18E5, 0x31C9, 0x3A4B, 0x428A, 0x2967, 0x31C8, 0x31E9, 0x29A9, 0x1927, 0x18E6, 0x10E6,
  0x10E5, 0x10E6, 0x10E6, 0x1927, 0x1906, 0x1906, 0x3A2B, 0x3A4B, 0x3A0A, 0x3A0A, 0x31EA, 0x29A9,
  0x2188, 0x29A9, 0x31EA, 0x31E9, 0x31C9, 0x31E9, 0x31EA, 0x31EA, 0x3A0B, 0x3A0B, 0x3A0A, 0x320A,
  0x31EA, 0x3A09, 0x5AC9, 0x6B8C, 0x634B, 0x4AAB, 0x3A4A, 0x29A8, 0x1926, 0x1906, 0x1906, 0x2988,
  0x4AAC, 0x530E, 0x428C, 0x3A0A, 0x31EA, 0x31C9, 0x29C9, 0x31C9, 0x31C9, 0x424A, 0x52EC, 0x2967,
  0x31E9, 0x4A89, 0x52CA, 0x29A8, 0x31E9, 0x3A09, 0x532D, 0x4AED, 0x3A2B, 0x2147, 0x2167, 0x31C9,
  0x10C5, 0x10A4, 0x0863, 0x08A4, 0x0863, 0x0000, 0x0883, 0x0884, 0x0000, 0x0000, 0x3208, 0x536F,
  0x1967, 0x0044, 0x0044, 0x0044, 0x0043, 0x0044, 0x0043, 0x0023, 0x21A8, 0x5390, 0x3209, 0x1906,
  0x2147, 0x2168, 0x2988, 0x2988, 0x2988, 0x31EA, 0x320A, 0x320A, 0x31EA, 0x31EA, 0x31C9, 0x29A9,
  0x31E9, 0x31EA, 0x31EA, 0x29A9, 0x3A2B, 0x3A0A, 0x3A0A, 0x31EA, 0x1925, 0x2988, 0x2968, 0x2988,
  0x31EA, 0x31E9, 0x5B4C, 0x7BCD, 0x6B2A, 0x10A3, 0x2987, 0x18C4, 0x0000, 0x18E5, 0x31E9, 0x3A2A,
  0x2966, 0x0842, 0x3A29, 0x42AB, 0x29C9, 0x29A9, 0x2188, 0x2147, 0x1927, 0x2147, 0x2168, 0x2988,
  0x29A9, 0x29A9, 0x29A9, 0x31EA, 0x3A0A, 0x3A0A, 0x31E9, 0x31C9, 0x49E9, 0x6208, 0x7227, 0x81C7,
  0x6167, 0x3A0A, 0x3A0A, 0x3A0B, 0x3A0B, 0x3A0B, 0x3A0B, 0x320A, 0x3A08, 0x6B4A, 0x7BED, 0x5B2C,
  0x4ACB, 0x428B, 0x3A09, 0x2166, 0x10C5, 0x10C5, 0x1926, 0x2147, 0x2127, 0x29A8, 0x530E, 0x426B,
  0x29A8, 0x31EA, 0x31EA, 0x320A, 0x31E9, 0x5B4E, 0x428B, 0x10C4, 0x31C9, 0x31C9, 0x29A8, 0x31E9,
  0x426B, 0x3A09, 0x638F, 0x4ACC, 0x29A8, 0x10C5, 0x2167, 0x31C9, 0x18E5, 0x08A4, 0x0042, 0x10A4,
  0x0842, 0x0000, 0x0842, 0x0884, 0x0021, 0x0000, 0x3208, 0x536F, 0x1968, 0x0044, 0x0044, 0x0043,
  0x0043, 0x0044, 0x0044, 0x0043, 0x21A8, 0x53B0, 0x3A2A, 0x29A9, 0x31EA, 0x31C9, 0x31C9, 0x31C9,
  0x31C9, 0x31EA, 0x31EA, 0x3A2B, 0x428C, 0x428C, 0x426C, 0x424B, 0x320A, 0x320A, 0x31EA, 0x31EA,
  0x31EA, 0x31C9, 0x2988, 0x2146, 0x10C4, 0x2167, 0x2988, 0x2988, 0x31C9, 0x31EA, 0x632B, 0x636C,
  0x7BCD, 0x5247, 0x0042, 0x0042, 0x0042, 0x1906, 0x31E9, 0x428B, 0x1905, 0x18E5, 0x428B, 0x532D,
  0x31E9, 0x31C9, 0x31C9, 0x31C9, 0x31C9, 0x31EA, 0x31EA, 0x320A, 0x320A, 0x320A, 0x320A, 0x320A,
  0x3A0A, 0x3A2A, 0x5208, 0x9AA5, 0xC3A5, 0xD365, 0xDA84, 0xD983, 0x98E4, 0x39EA, 0x3A0B, 0x3A0B,
  0x3A0B, 0x3A0A, 0x3A0A, 0x31E9, 0x632A, 0x632B, 0x4AAA, 0x31E9, 0x2168, 0x2148, 0x2168, 0x2147,
  0x18E5, 0x1905, 0x1905, 0x2967, 0x428C, 0x4ACD, 0x4AAC, 0x29A8, 0x10E6, 0x2127, 0x2988, 0x29A8,
  0x4ACB, 0x636E, 0x2167, 0x0863, 0x2967, 0x31A8, 0x3A2A, 0x52ED, 0x428B, 0x530D, 0x638F, 0x3209,
  0x10A4, 0x0863, 0x1905, 0x2967, 0x2167, 0x10A4, 0x0021, 0x0883, 0x0021, 0x0000, 0x0000, 0x0863,
  0x0862, 0x0000, 0x31E8, 0x5390, 0x2188, 0x0044, 0x0044, 0x0044, 0x0043, 0x0044, 0x0044, 0x0044,
  0x21A8, 0x5BB0, 0x3A2A, 0x31C9, 0x320A, 0x31EA, 0x31EA, 0x31EA, 0x3A0A, 0x428C, 0x426B, 0x3A4B,
  0x3A4B, 0x3A2A, 0x3A0A, 0x320A, 0x428C, 0x428C, 0x3A0A, 0x320A, 0x31C9, 0x1926, 0x10C5, 0x10A4,
  0x0883, 0x10E5, 0x29A8, 0x3A0A, 0x29A8, 0x31C9, 0x4249, 0x5B4C, 0x6B8D, 0x83CB, 0x3186, 0x18E5,
  0x0884, 0x10E5, 0x3A2A, 0x4ACC, 0x10E4, 0x1926, 0x42AC, 0x532D, 0x31E9, 0x320A, 0x320A, 0x3A0A,
  0x3A0A, 0x3A0A, 0x320A, 0x3A0A, 0x3A2B, 0x3A2A, 0x320A, 0x3209, 0x3A4A, 0x8CB1, 0xC657, 0xAC4E,
  0xDBC6, 0xF1E2, 0xF102, 0xE882, 0x90C3, 0x39C9, 0x3A0B, 0x3A0A, 0x3A0A, 0x320A, 0x31E9, 0x4248,
  0x7BCC, 0x52AB, 0x3A0A, 0x2147, 0x10C5, 0x1906, 0x1906, 0x10A4, 0x0042, 0x10A4, 0x18E5, 0x1905,
  0x31C8, 0x31EA, 0x2988, 0x10C5, 0x1927, 0x1906, 0x2147, 0x29A7, 0x638E, 0x4ACC, 0x2147, 0x0863,
  0x18E4, 0x3A09, 0x4AAB, 0x3A2A, 0x2986, 0x6BD0, 0x530D, 0x31E9, 0x10C4, 0x0863, 0x18E4, 0x31E9,
  0x2988, 0x0883, 0x0842, 0x0842, 0x0021, 0x10A4, 0x0843, 0x0842, 0x0863, 0x0000, 0x31E8, 0x5390,
  0x2188, 0x0044, 0x0044, 0x0044, 0x0043, 0x0044, 0x0044, 0x0044, 0x21A9, 0x5BB0, 0x3209, 0x31EA,
  0x3A4B, 0x3A2B, 0x31EA, 0x31E9, 0x320A, 0x4ACD, 0x31C9, 0x2988, 0x2988, 0x2147, 0x18E5, 0x1906,
  0x320A, 0x532F, 0x426C, 0x31E9, 0x2167, 0x0863, 0x0842, 0x0883, 0x0042, 0x2126, 0x31E9, 0x3A2A,
  0x29C9, 0x31E8, 0x428A, 0x3A49, 0x5B2C, 0x8C2D, 0x62E9, 0x1905, 0x1906, 0x2988, 0x3A4B, 0x4ACC,
  0x10C3, 0x1905, 0x426B, 0x530C, 0x31E9, 0x320A, 0x320A, 0x3A2A, 0x3A2B, 0x320A, 0x320A, 0x31E9,
  0x3A4B, 0x426B, 0x31E9, 0x7C0C, 0x6BCD, 0xD6FA, 0xFFFE, 0xEF5B, 0xB532, 0xC248, 0xE862, 0xD862,
  0x88A2, 0x4187, 0x320A, 0x3A0A, 0x3A2A, 0x428B, 0x426A, 0x6B6B, 0x634C, 0x5B0B, 0x424A, 0x29A9,
  0x18E5, 0x10C5, 0x1906, 0x1906, 0x0884, 0x0020, 0x0863, 0x18E5, 0x10A4, 0x18E6, 0x2168, 0x1927,
  0x1906, 0x1927, 0x2126, 0x4AAA, 0x4AEC, 0x3A2A, 0x10C5, 0x0884, 0x0863, 0x0862, 0x1083, 0x0041,
  0x31C7, 0x6BAF, 0x424B, 0x52ED, 0x31E9, 0x0863, 0x2167, 0x3A2A, 0x2127, 0x0042, 0x0021, 0x0020,
  0x0863, 0x1906, 0x08A4, 0x0863, 0x10A4, 0x0000, 0x29C7, 0x5390, 0x21A8, 0x0044, 0x0044, 0x0044,
  0x0044, 0x0044, 0x0044, 0x0043, 0x29C9, 0x5BB0, 0x3209, 0x2988, 0x31EA, 0x320A, 0x29A9, 0x2147,
  0x10E6, 0x29A9, 0x3A4B, 0x29A8, 0x3A2A, 0x426B, 0x3A2A, 0x320A, 0x4ACD, 0x530F, 0x4AAD, 0x31C9,
  0x10C4, 0x0042, 0x0021, 0x0862, 0x0062, 0x10C4, 0x31C9, 0x3A0A, 0x320A, 0x3A29, 0x532C, 0x4AEB,
  0x4ACA, 0x73AC, 0x62EA, 0x1925, 0x2987, 0x31EA, 0x3A6B, 0x42AB, 0x0882, 0x0883, 0x29C9, 0x4AEC,
  0x31C9, 0x3A0A, 0x3A4B, 0x3A6B, 0x4AAC, 0x426C, 0x3A0A, 0x320A, 0x320A, 0x3A2A, 0x3A0A, 0x5B0A,
  0xAE16, 0xF7DE, 0xFFDE, 0xEF7A, 0xDF18, 0xC636, 0xB3AE, 0xB124, 0x8882, 0x4946, 0x320A, 0x3A0A,
  0x320A, 0x31E9, 0x52A9, 0x6B4B, 0x6B4B, 0x5AEA, 0x3A0A, 0x31C9, 0x2127, 0x1906, 0x18E6, 0x10E6,
  0x10E5, 0x0041, 0x0000, 0x10A4, 0x10A4, 0x10C5, 0x1906, 0x1906, 0x10C5, 0x10C6, 0x31E8, 0x636D,
  0x428B, 0x31C9, 0x0883, 0x0863, 0x10A4, 0x0021, 0x0000, 0x0000, 0x4AAB, 0x4AAC, 0x4AAC, 0x63B0,
  0x31E9, 0x10C4, 0x29C9, 0x320A, 0x18E5, 0x0000, 0x0000, 0x0000, 0x0862, 0x18E6, 0x08A4, 0x0863,
  0x0883, 0x0842, 0x29A7, 0x5390, 0x21A8, 0x0044, 0x0044, 0x0044, 0x0044, 0x0044, 0x0044, 0x0043,
  0x29C9, 0x5BB0, 0x424B, 0x3A2B, 0x3A0A, 0x320A, 0x31C9, 0x2147, 0x10C5, 0x10C5, 0x1906, 0x1906,
  0x31C9, 0x3A0A, 0x3A2A, 0x320A, 0x3A2A, 0x426C, 0x3A0A, 0x2988, 0x0883, 0x0042, 0x0863, 0x0863,
  0x0041, 0x0863, 0x2167, 0x31E9, 0x29A8, 0x3209, 0x532B, 0x638C, 0x73CC, 0x7BCC, 0x4A69, 0x31C7,
  0x31C9, 0x3A2B, 0x3A4B, 0x29C7, 0x0041, 0x08A4, 0x29C8, 0x4ACC, 0x31C8, 0x31C9, 0x3A2A, 0x31E9,
  0x320A, 0x3A4B, 0x426B, 0x320A, 0x320A, 0x3A2A, 0x3209, 0x8CF2, 0xE79C, 0xFFFE, 0xDEFA, 0x95B6,
  0x8D95, 0xBE57, 0xD6F9, 0x9470, 0x6924, 0x4905, 0x320A, 0x320A, 0x3A0A, 0x4229, 0x632B, 0x426A,
  0x3A09, 0x31E9, 0x31C9, 0x2147, 0x29A8, 0x3A2A, 0x1906, 0x08A4, 0x0862, 0x0021, 0x0000, 0x0862,
  0x10C4, 0x1906, 0x2988, 0x2147, 0x2167, 0x2988, 0x4ACB, 0x4AEC, 0x3A4B, 0x2167, 0x0884, 0x0842,
  0x10A4, 0x0042, 0x0000, 0x10E3, 0x5B4E, 0x426B, 0x5B6F, 0x638F, 0x2167, 0x18E5, 0x31EA, 0x31C9,
  0x10C5, 0x0000, 0x0000, 0x0000, 0x0842, 0x10C5, 0x0883, 0x0042, 0x0884, 0x0883, 0x29A7, 0x5390,
  0x21A9, 0x0044, 0x0044, 0x0044, 0x0044, 0x0044, 0x0044, 0x0043, 0x29C9, 0x5BB0, 0x3A2A, 0x320A,
  0x31C9, 0x29A8, 0x31EA, 0x31EA, 0x29A9, 0x2168, 0x2168, 0x1927, 0x2167, 0x2168, 0x2188, 0x29A9,
  0x31C9, 0x320A, 0x31EA, 0x1905, 0x0883, 0x0883, 0x0863, 0x0021, 0x0000, 0x0020, 0x1905, 0x31E8,
  0x2987, 0x2987, 0x4ACB, 0x636D, 0x948D, 0x6B09, 0x4269, 0x4AAA, 0x31E9, 0x31EA, 0x3A0A, 0x18E4,
  0x0842, 0x2147, 0x31E9, 0x4AEB, 0x29A8, 0x2988, 0x2167, 0x2147, 0x2147, 0x2988, 0x31E9, 0x31EA,
  0x3A2A, 0x3A09, 0x6BAD, 0xD71A, 0xFFFE, 0xF7BC, 0xA5D6, 0x5E5A, 0x6EBB, 0x8536, 0xD6F9, 0xA574,
  0x6C0E, 0x4A69, 0x31E9, 0x320A, 0x3A0A, 0x5AEA, 0x5AEA, 0x31E8, 0x31C9, 0x2988, 0x2147, 0x2168,
  0x3A2A, 0x426B, 0x10C5, 0x0042, 0x0020, 0x0020, 0x0041, 0x0021, 0x0883, 0x18E5, 0x2167, 0x29C9,
  0x31EA, 0x3A0A, 0x530C, 0x428B, 0x31EA, 0x10E5, 0x0884, 0x0022, 0x0863, 0x0000, 0x0000, 0x2965,
  0x638F, 0x4AED, 0x63F1, 0x5B6F, 0x2147, 0x18E5, 0x3A0A, 0x31C9, 0x10A4, 0x0000, 0x0000, 0x10C3,
  0x1905, 0x0883, 0x0001, 0x0021, 0x10A4, 0x0842, 0x2986, 0x5370, 0x21A9, 0x0044, 0x0043, 0x0043,
  0x0044, 0x0844, 0x0024, 0x0023, 0x29E9, 0x5B90, 0x2987, 0x2146, 0x31EA, 0x2988, 0x1906, 0x31EA,
  0x31EA, 0x2988, 0x31EA, 0x31EA, 0x320A, 0x320A, 0x320A, 0x320A, 0x320B, 0x320A, 0x2988, 0x10A4,
  0x0863, 0x0884, 0x0021, 0x0000, 0x0000, 0x0000, 0x10C3, 0x31C7, 0x3208, 0x29A7, 0x634B, 0x840D,
  0x7BAB, 0x31C8, 0x428A, 0x530A, 0x31C7, 0x2147, 0x2126, 0x0862, 0x1905, 0x2988, 0x31E9, 0x4AEB,
  0x29A8, 0x29A9, 0x29A8, 0x3A2A, 0x426B, 0x736A, 0x940A, 0x72E8, 0x7AE7, 0x7286, 0xAD30, 0xF7BC,
  0xFFFD, 0xF799, 0xADD5, 0x4DD9, 0x563A, 0x8D14, 0xB5F5, 0x8D32, 0x95B3, 0x6BCD, 0x31EA, 0x320A,
  0x4A69, 0x73AB, 0x4A68, 0x632B, 0x31C7, 0x18E6, 0x2988, 0x31C9, 0x428B, 0x2967, 0x10A4, 0x0000,
  0x0000, 0x0020, 0x0862, 0x0883, 0x0041, 0x0863, 0x10A4, 0x2147, 0x31EA, 0x3A2A, 0x5B4D, 0x42AC,
  0x29A8, 0x1925, 0x08A4, 0x0842, 0x0862, 0x0842, 0x0000, 0x3A08, 0x636F, 0x63B0, 0x63F1, 0x4B0D,
  0x1905, 0x10A4, 0x29A8, 0x2167, 0x0884, 0x0842, 0x2146, 0x29A8, 0x1906, 0x0863, 0x0000, 0x0042,
  0x10A4, 0x0042, 0x2166, 0x536F, 0x21C9, 0x0043, 0x0043, 0x0043, 0x0044, 0x0044, 0x0044, 0x0043,
  0x29E9, 0x5B90, 0x2166, 0x0022, 0x1906, 0x2147, 0x1083, 0x31C9, 0x1926, 0x2988, 0x4AAD, 0x3A2B,
  0x31E9, 0x320A, 0x320A, 0x3A0A, 0x320A, 0x31EA, 0x1906, 0x0884, 0x0863, 0x0883, 0x0000, 0x0000,
  0x0000, 0x0021, 0x0842, 0x18E3, 0x2145, 0x4A89, 0x83CB, 0x944C, 0x39C5, 0x31E9, 0x3A2A, 0x5B2B,
  0x4247, 0x1083, 0x2146, 0x1082, 0x2967, 0x422A, 0x31E8, 0x4ACB, 0x29A8, 0x31A9, 0x31C9, 0x31C9,
  0x5AC8, 0xB4AA, 0xA3C8, 0x9367, 0x9347, 0xA244, 0xDBE7, 0xF6D5, 0xFF95, 0xFF2C, 0xDEAF, 0xA552,
  0xA596, 0xB5F5, 0x9D33, 0x9593, 0x84D0, 0x3209, 0x3A0A, 0x31C8, 0x6B4B, 0x4A48, 0x6B2A, 0x630A,
  0x2126, 0x1906, 0x31C9, 0x2988, 0x29A8, 0x29A8, 0x2126, 0x0862, 0x0000, 0x0000, 0x0020, 0x08A4,
  0x0862, 0x0000, 0x0883, 0x18E5, 0x2988, 0x424A, 0x5B4D, 0x426B, 0x3A49, 0x428A, 0x10A5, 0x0863,
  0x0021, 0x0842, 0x0000, 0x4ACB, 0x638F, 0x6BF1, 0x5B6F, 0x29C8, 0x08A4, 0x1905, 0x2147, 0x1927,
  0x0863, 0x2126, 0x320A, 0x2988, 0x10C5, 0x0863, 0x0000, 0x0021, 0x10A4, 0x0000, 0x2166, 0x536F,
  0x21C9, 0x0043, 0x0043, 0x0043, 0x0043, 0x0844, 0x0044, 0x0043, 0x29E9, 0x5B90, 0x2165, 0x0000,
  0x0021, 0x0883, 0x0842, 0x0883, 0x0863, 0x1926, 0x3A4B, 0x4ACE, 0x3A0A, 0x31C9, 0x320A, 0x3A0A,
  0x3A0A, 0x29A8, 0x10A4, 0x0863, 0x0883, 0x0021, 0x0000, 0x0000, 0x0842, 0x0884, 0x0883, 0x0041,
  0x0882, 0x31A5, 0x5AC8, 0x41E6, 0x10A3, 0x3A08, 0x4AAB, 0x52EB, 0x31C6, 0x1905, 0x31C8, 0x10C3,
  0x2987, 0x52AB, 0x4A69, 0x426A, 0x31A8, 0x31C9, 0x39E9, 0x39E8, 0xA46A, 0xA3A7, 0x3966, 0x2987,
  0x6186, 0xD262, 0xF402, 0xE469, 0xDD89, 0xF6C5, 0xFF08, 0xF70E, 0xE6F4, 0xA573, 0x8D52, 0x8D52,
  0x840C, 0x52A9, 0x31EA, 0x62EA, 0x6B4B, 0x2126, 0x52A9, 0x4228, 0x18E6, 0x18E6, 0x2126, 0x2968,
  0x31C9, 0x31EA, 0x31C9, 0x10E4, 0x0000, 0x0000, 0x0000, 0x0842, 0x10A3, 0x0021, 0x0021, 0x10A4,
  0x1905, 0x4AAA, 0x530C, 0x31E9, 0x5B4C, 0x42AA, 0x10A5, 0x0042, 0x0000, 0x0000, 0x10A2, 0x52EC,
  0x4AED, 0x5B6F, 0x3A6B, 0x1906, 0x2147, 0x29A8, 0x1906, 0x10C5, 0x0863, 0x31C8, 0x320A, 0x1926,
  0x10A5, 0x0862, 0x0000, 0x0000, 0x0883, 0x0000, 0x2166, 0x536F, 0x21C9, 0x0043, 0x0043, 0x0043,
  0x0044, 0x0844, 0x0044, 0x0043, 0x29E9, 0x5390, 0x2145, 0x0000, 0x0000, 0x0000, 0x0000, 0x0000,
  0x0021, 0x0863, 0x1926, 0x31E9, 0x4AAD, 0x426B, 0x3A0A, 0x320A, 0x320A, 0x2126, 0x0884, 0x0863,
  0x0842, 0x0000, 0x0000, 0x0842, 0x10A5, 0x10A4, 0x0042, 0x0041, 0x0883, 0x0021, 0x0884, 0x08A4,
  0x0863, 0x3A28, 0x5B2C, 0x3A29, 0x10A3, 0x2987, 0x424A, 0x18E4, 0x2987, 0x52CB, 0x630B, 0x41E7,
  0x41E9, 0x41E9, 0x41E9, 0x83C9, 0xC489, 0x9305, 0x8B46, 0x8B26, 0xB1E3, 0xF3C3, 0xFBE3, 0xEA02,
  0xCA03, 0xC465, 0xEE66, 0xEEE8, 0xB5CF, 0x8D11, 0x8D71, 0x63AC, 0x4A68, 0x3A08, 0x31E9, 0x8C2D,
  0x5AEA, 0x2167, 0x2946, 0x2126, 0x18E6, 0x1905, 0x2167, 0x29C9, 0x31E9, 0x31E9, 0x29A8, 0x10C4,
  0x0042, 0x0000, 0x0000, 0x0021, 0x0883, 0x0862, 0x0020, 0x0883, 0x2125, 0x5B4B, 0x428A, 0x4A8A,
  0x63AD, 0x29A7, 0x0884, 0x0863, 0x0000, 0x0000, 0x1924, 0x52EC, 0x426B, 0x3A4B, 0x31C9, 0x2988,
  0x31EA, 0x2967, 0x0884, 0x0884, 0x10C4, 0x3A0A, 0x31E9, 0x18E6, 0x08A4, 0x0021, 0x0000, 0x0000,
  0x0862, 0x0000, 0x2166, 0x536F, 0x21C9, 0x0044, 0x0043, 0x0043, 0x0044, 0x0044, 0x0043, 0x0043,
  0x29E9, 0x5B90, 0x2145, 0x0042, 0x0863, 0x0884, 0x10C5, 0x10C5, 0x0883, 0x0883, 0x18E5, 0x1906,
  0x2167, 0x3A0A, 0x3A2B, 0x31EA, 0x29A9, 0x10A4, 0x0884, 0x0021, 0x0000, 0x0000, 0x0000, 0x0884,
  0x0884, 0x0863, 0x0000, 0x0021, 0x0021, 0x0842, 0x08A5, 0x0863, 0x0863, 0x29A7, 0x5B6C, 0x42AA,
  0x10A2, 0x2987, 0x4AAB, 0x29A6, 0x18E4, 0x5ACB, 0x736B, 0x5207, 0x5208, 0x5A27, 0x7AC6, 0xA3C7,
  0x7A85, 0x5227, 0x5247, 0x51E6, 0xB263, 0xF423, 0xF2C2, 0xD184, 0xBA87, 0xC163, 0xC364, 0xB549,
  0x8CCE, 0x8D31, 0x7CAE, 0x428B, 0x426B, 0x3A4B, 0x52A9, 0x946D, 0x5AEB, 0x4249, 0x39E8, 0x18E6,
  0x2147, 0x31C9, 0x29A9, 0x29A9, 0x31C9, 0x31C9, 0x2147, 0x10E5, 0x10C5, 0x0042, 0x0021, 0x10A4,
  0x0883, 0x0021, 0x0020, 0x0862, 0x10E4, 0x31E8, 0x31E9, 0x532B, 0x4AAA, 0x10A4, 0x0884, 0x0863,
  0x0000, 0x0000, 0x3A29, 0x532D, 0x3A2B, 0x29C9, 0x29C9, 0x320A, 0x31E9, 0x1905, 0x2126, 0x0864,
  0x2987, 0x3A2A, 0x29C9, 0x10C5, 0x10A4, 0x0021, 0x0000, 0x0000, 0x0000, 0x0000, 0x2145, 0x4B6F,
  0x21C9, 0x0044, 0x0043, 0x0043, 0x0044, 0x0044, 0x0043, 0x0043, 0x29E9, 0x5390, 0x2166, 0x10A4,
  0x10E6, 0x2167, 0x29A9, 0x29A9, 0x2988, 0x2988, 0x31C9, 0x31EA, 0x31CA, 0x31C9, 0x31E9, 0x29A8,
  0x18E5, 0x1084, 0x0042, 0x0000, 0x0021, 0x0000, 0x0021, 0x0863, 0x0883, 0x0021, 0x0000, 0x0000,
  0x0000, 0x0883, 0x0863, 0x0021, 0x10C4, 0x31C9, 0x534C, 0x530A, 0x10C3, 0x2987, 0x52CB, 0x4A88,
  0x2103, 0x5A89, 0x838B, 0x6A46, 0x82A7, 0xA40A, 0xCCE9, 0xBBC5, 0x5A28, 0x52AB, 0x4A8B, 0x424A,
  0x71E4, 0xC2A3, 0xC921, 0xB42A, 0xBD2D, 0xC143, 0xC8A2, 0x8984, 0x8226, 0x838A, 0x52EA, 0x31E9,
  0x3209, 0x3209, 0x7BAA, 0xA4CD, 0x5B0A, 0x6B4B, 0x4A48, 0x18E6, 0x2988, 0x31C9, 0x2126, 0x18E4,
  0x31C9, 0x29A8, 0x10A4, 0x10C5, 0x18E6, 0x10C5, 0x0883, 0x10C5, 0x18E6, 0x10A4, 0x0842, 0x0042,
  0x1084, 0x10C4, 0x29A8, 0x3A08, 0x1905, 0x0884, 0x0884, 0x0883, 0x0000, 0x0861, 0x4AAA, 0x4AEC,
  0x31EA, 0x1926, 0x2988, 0x3A0A, 0x31C9, 0x2987, 0x2988, 0x0843, 0x29A8, 0x3A2B, 0x29C9, 0x10C5,
  0x0883, 0x0000, 0x0000, 0x0000, 0x0000, 0x0000, 0x2145, 0x536F, 0x21C9, 0x0043, 0x0043, 0x0043,
  0x0044, 0x0044, 0x0044, 0x0043, 0x29C9, 0x536F, 0x29C8, 0x2167, 0x2188, 0x31EA, 0x31E9, 0x29C9,
  0x31C9, 0x320A, 0x320A, 0x320A, 0x3A0A, 0x3A0A, 0x2167, 0x10A4, 0x0863, 0x0883, 0x0021, 0x0863,
  0x0042, 0x0000, 0x0021, 0x0863, 0x0021, 0x0000, 0x0000, 0x0000, 0x0000, 0x0883, 0x0842, 0x2146,
  0x10C4, 0x3209, 0x42AB, 0x4289, 0x10C3, 0x31A8, 0x52AB, 0x632A, 0x3164, 0x5207, 0x8B29, 0xBB87,
  0xDDD0, 0xEF18, 0xD635, 0xA3A9, 0x5A07, 0x52AA, 0x39E8, 0x2966, 0x5AEA, 0x6A26, 0x8B08, 0xC5AD,
  0xA387, 0xD0E2, 0xA881, 0x8041, 0x88A1, 0x7A04, 0x5A67, 0x10E6, 0x10C5, 0x31A6, 0x942B, 0xA4AC,
  0x5288, 0x6B2B, 0x2966, 0x2147, 0x29A8, 0x2167, 0x0862, 0x18E5, 0x31C9, 0x2147, 0x0863, 0x10A4,
  0x18E6, 0x18E6, 0x0883, 0x0862, 0x10E5, 0x1906, 0x10C5, 0x10A5, 0x10A4, 0x10C4, 0x2988, 0x2146,
  0x2988, 0x08A4, 0x0863, 0x0884, 0x0021, 0x10C3, 0x52CB, 0x4AAC, 0x29C9, 0x18E5, 0x2988, 0x3A2A,
  0x29A8, 0x31C9, 0x2126, 0x0021, 0x29A8, 0x3A2A, 0x2988, 0x10C5, 0x0843, 0x0000, 0x0000, 0x0000,
  0x0000, 0x0000, 0x2165, 0x5390, 0x21E9, 0x0043, 0x0043, 0x0043, 0x0844, 0x0844, 0x0044, 0x0043,
  0x29C9, 0x536F, 0x31C8, 0x2147, 0x2167, 0x2988, 0x29A8, 0x29A9, 0x31C9, 0x31EA, 0x31E9, 0x31E9,
  0x29A8, 0x1926, 0x10C5, 0x0863, 0x10A4, 0x0883, 0x10A4, 0x0842, 0x0000, 0x0021, 0x1084, 0x0042,
  0x0042, 0x2166, 0x2165, 0x0000, 0x0000, 0x0021, 0x0862, 0x31E9, 0x2987, 0x2167, 0x3A4A, 0x3A49,
  0x10C3, 0x2987, 0x4A8B, 0x6B6B, 0x62A7, 0x4944, 0x9266, 0xE52A, 0xFF9A, 0xFFFE, 0xF738, 0x9BA9,
  0x5185, 0x4A28, 0x31A7, 0x4207, 0x9D32, 0x6BAC, 0xAD0C, 0xA48A, 0x8983, 0xB0A2, 0x8861, 0x9081,
  0x78C2, 0x6A45, 0x7AC6, 0x10E5, 0x10C5, 0x4A47, 0x944C, 0x738B, 0x31A7, 0x52AA, 0x4228, 0x2168,
  0x2147, 0x0883, 0x10A4, 0x2168, 0x2988, 0x18E6, 0x10C5, 0x10C5, 0x1906, 0x10E5, 0x0862, 0x0020,
  0x0883, 0x18E5, 0x10C5, 0x10C5, 0x10A4, 0x10C4, 0x2167, 0x29A8, 0x320A, 0x18E6, 0x0884, 0x0884,
  0x0842, 0x18E3, 0x4AAB, 0x42AC, 0x2988, 0x2167, 0x29C8, 0x3A4B, 0x2988, 0x31C9, 0x10A4, 0x0862,
  0x31C8, 0x3A2A, 0x2167, 0x10A4, 0x0021, 0x0021, 0x0000, 0x0000, 0x0000, 0x0000, 0x2145, 0x5390,
  0x29E9, 0x0043, 0x0043, 0x0044, 0x0043, 0x0844, 0x0044, 0x0043, 0x29E9, 0x5370, 0x3A0A, 0x320A,
  0x320A, 0x320A, 0x320A, 0x320A, 0x31C9, 0x2146, 0x10A4, 0x10A4, 0x10A4, 0x10A4, 0x10C4, 0x2965,
  0x31A6, 0x1904, 0x0862, 0x0000, 0x0000, 0x0021, 0x0021, 0x0021, 0x0883, 0x3A49, 0x4AA9, 0x0881,
  0x0000, 0x0000, 0x0841, 0x31E9, 0x320A, 0x1905, 0x3209, 0x3A29, 0x2966, 0x1904, 0x4A4A, 0x632B,
  0x7B69, 0x5102, 0xB2A3, 0xF5EB, 0xFFDB, 0xFFDC, 0xEE73, 0x9306, 0x5165, 0x41C8, 0x2946, 0x18E4,
  0x4206, 0x8C4A, 0xBD6B, 0x6AE7, 0x6246, 0x6123, 0x7061, 0x8923, 0x4105, 0x5A05, 0x8B06, 0x41E6,
  0x18E5, 0x5247, 0x9C6C, 0x6B4B, 0x29A8, 0x31A8, 0x31C8, 0x2147, 0x18E5, 0x0883, 0x1906, 0x2988,
  0x2147, 0x1906, 0x10E5, 0x1906, 0x1906, 0x10C5, 0x0041, 0x0020, 0x0020, 0x0862, 0x0862, 0x10C5,
  0x0883, 0x10C3, 0x2167, 0x31E9, 0x320A, 0x10C5, 0x0884, 0x0884, 0x0862, 0x2966, 0x530D, 0x426B,
  0x1906, 0x29A8, 0x4ACC, 0x4AED, 0x31E9, 0x2967, 0x0021, 0x10C3, 0x320A, 0x3A2A, 0x2147, 0x0884,
  0x0021, 0x0863, 0x0021, 0x0000, 0x0000, 0x0000, 0x2145, 0x536F, 0x21C9, 0x0043, 0x0043, 0x0044,
  0x0044, 0x0844, 0x0044, 0x0043, 0x29C9, 0x5370, 0x3A2A, 0x320A, 0x3A0A, 0x320A, 0x320A, 0x29C8,
  0x1905, 0x10A5, 0x10C5, 0x10C5, 0x0863, 0x0000, 0x2125, 0x4AAA, 0x6B8C, 0x52C9, 0x39E5, 0x0861,
  0x0000, 0x0000, 0x0000, 0x0863, 0x08A3, 0x4269, 0x52EA, 0x18E2, 0x0000, 0x0000, 0x0000, 0x2146,
  0x3A2A, 0x31C8, 0x29A7, 0x31E9, 0x4249, 0x2144, 0x39E8, 0x5AEB, 0x838A, 0x6142, 0xBB04, 0xF66F,
  0xFF97, 0xFE90, 0xD468, 0x79C3, 0x4124, 0x3166, 0x2105, 0x4A26, 0x7B86, 0xBD49, 0x93E8, 0x632B,
  0x630B, 0x3164, 0x2842, 0x7265, 0x5225, 0x4165, 0xA3E8, 0x8388, 0x2125, 0x4A26, 0xACCC, 0x8C0C,
  0x52CB, 0x2168, 0x1927, 0x39E8, 0x39E7, 0x10C5, 0x10E6, 0x1927, 0x1926, 0x1926, 0x10E5, 0x1906,
  0x10E5, 0x0842, 0x0000, 0x0020, 0x0020, 0x0000, 0x0020, 0x0883, 0x10A4, 0x0883, 0x29C8, 0x3A0A,
  0x29A8, 0x0842, 0x10A5, 0x0884, 0x0021, 0x2145, 0x428B, 0x31EA, 0x2146, 0x426B, 0x5B2E, 0x426B,
  0x31E9, 0x2127, 0x0022, 0x10C4, 0x3A0A, 0x31C9, 0x18E6, 0x0863, 0x0021, 0x10A4, 0x0863, 0x0000,
  0x0000, 0x0000, 0x2145, 0x536F, 0x21C9, 0x0043, 0x0043, 0x0043, 0x0043, 0x0044, 0x0043, 0x0043,
  0x29C9, 0x5390, 0x3A2A, 0x3A0A, 0x320A, 0x320A, 0x2988, 0x10C4, 0x08A4, 0x10A4, 0x0883, 0x0042,
  0x0020, 0x0000, 0x10E5, 0x3209, 0x4ACB, 0x73AC, 0x83EC, 0x4206, 0x0020, 0x0000, 0x0862, 0x0863,
  0x0883, 0x3A49, 0x5B8C, 0x31C5, 0x0000, 0x0000, 0x0021, 0x10A4, 0x3A4A, 0x4AAB, 0x4248, 0x31A8,
  0x52CA, 0x4248, 0x39C7, 0x5ACA, 0x8BCA, 0x79E3, 0xD426, 0xF68D, 0xF5CB, 0xDBC4, 0x8A03, 0x5144,
  0x30E3, 0x20E4, 0x18C5, 0x5A86, 0xBC86, 0xCCA6, 0x51C4, 0x39E7, 0x4A49, 0x10A4, 0x08A4, 0x5A04,
  0x8B46, 0x7285, 0xB469, 0x5AA6, 0x10C5, 0x3186, 0x9C6C, 0xA4CD, 0x6B4B, 0x2147, 0x1927, 0x5289,
  0x52A9, 0x18E5, 0x10A4, 0x10E5, 0x18E6, 0x2988, 0x1926, 0x10E5, 0x0862, 0x0020, 0x0021, 0x0020,
  0x0000, 0x0020, 0x0020, 0x0021, 0x10A3, 0x0862, 0x2987, 0x29A8, 0x10A4, 0x0842, 0x10A5, 0x0863,
  0x0041, 0x2987, 0x3A4B, 0x29A8, 0x31C9, 0x5B2E, 0x4ACC, 0x3A0A, 0x2167, 0x10A5, 0x0863, 0x10C4,
  0x3A0A, 0x1906, 0x10A4, 0x0042, 0x0883, 0x10A4, 0x0863, 0x0000, 0x0000, 0x0000, 0x2145, 0x536F,
  0x21C9, 0x0043, 0x0043, 0x0043, 0x0043, 0x0044, 0x0043, 0x0043, 0x29C9, 0x5390, 0x3A2A, 0x3A0A,
  0x31E9, 0x1905, 0x0883, 0x0042, 0x0021, 0x0021, 0x0862, 0x0021, 0x0000, 0x0000, 0x10C5, 0x2168,
  0x31EA, 0x428A, 0x73AC, 0x73AB, 0x2103, 0x0021, 0x0863, 0x0021, 0x10C4, 0x3209, 0x63CC, 0x4288,
  0x0040, 0x0000, 0x0863, 0x08A4, 0x426A, 0x638C, 0x5B0A, 0x3A28, 0x5B0B, 0x52C9, 0x39C7, 0x52CA,
  0x83CB, 0x9264, 0xEC85, 0xECA6, 0xD3A6, 0x9B27, 0x4922, 0x38E4, 0x28C4, 0x1083, 0x1083, 0x20E4,
  0x6203, 0x92A4, 0x4984, 0x10C5, 0x18E5, 0x18C4, 0x10A3, 0x2903, 0x8B06, 0xABE7, 0x8BA8, 0x1905,
  0x10A5, 0x10C5, 0x7B8A, 0x9CAD, 0x4A48, 0x2147, 0x2127, 0x4A89, 0x5AEA, 0x10E5, 0x10C4, 0x10E5,
  0x18E6, 0x2146, 0x10C4, 0x0041, 0x0041, 0x0041, 0x10A4, 0x0883, 0x0020, 0x0020, 0x0020, 0x0000,
  0x0862, 0x0000, 0x0883, 0x10C4, 0x10C4, 0x0863, 0x0864, 0x0862, 0x08A3, 0x3A29, 0x3A2A, 0x2987,
  0x426B, 0x4AAC, 0x3A2B, 0x3A2B, 0x1906, 0x0884, 0x0042, 0x0021, 0x2988, 0x10C5, 0x0884, 0x0842,
  0x10A4, 0x10A5, 0x0883, 0x0000, 0x0000, 0x0000, 0x2145, 0x536F, 0x21C9, 0x0044, 0x0043, 0x0023,
  0x0844, 0x0844, 0x0023, 0x0023, 0x29E9, 0x5B90, 0x3A0A, 0x31C9, 0x10C4, 0x0883, 0x0884, 0x0022,
  0x0000, 0x0021, 0x0883, 0x0021, 0x0021, 0x0863, 0x10A5, 0x18E6, 0x2168, 0x3A0A, 0x530B, 0x8C8E,
  0x5AE8, 0x0863, 0x0863, 0x0041, 0x2988, 0x29A8, 0x534B, 0x5B6B, 0x10C2, 0x0022, 0x0884, 0x18E5,
  0x3A49, 0x6BEC, 0x5B4A, 0x4269, 0x52EB, 0x530A, 0x39E7, 0x4A69, 0x732A, 0xAA64, 0xEBA4, 0xAAA4,
  0x82A7, 0x942B, 0x62E8, 0x28E3, 0x1083, 0x0883, 0x0062, 0x0062, 0x10A4, 0x18A3, 0x18A3, 0x10A4,
  0x20C3, 0x28E4, 0x28E3, 0x3103, 0x92A4, 0xAC48, 0x3184, 0x10C5, 0x10A4, 0x0043, 0x6B08, 0x944C,
  0x632A, 0x4208, 0x5289, 0x3A09, 0x5B0B, 0x2145, 0x10A4, 0x18E6, 0x18E6, 0x10C4, 0x0020, 0x0020,
  0x0883, 0x10C5, 0x10A4, 0x10A4, 0x0020, 0x0020, 0x0021, 0x0020, 0x0000, 0x0000, 0x0000, 0x2146,
  0x2167, 0x0884, 0x0021, 0x3A08, 0x3209, 0x3A2A, 0x320A, 0x31E9, 0x3A2B, 0x3A2A, 0x320A, 0x29C9,
  0x0883, 0x0000, 0x0022, 0x0021, 0x2125, 0x10C5, 0x0883, 0x0863, 0x10A5, 0x10A5, 0x10A4, 0x0021,
  0x0000, 0x0000, 0x2145, 0x4B4F, 0x21C9, 0x0043, 0x0023, 0x0043, 0x0044, 0x0844, 0x0044, 0x0043,
  0x29E9, 0x5B90, 0x29A7, 0x10C4, 0x10A4, 0x0884, 0x0021, 0x0000, 0x0000, 0x0842, 0x0020, 0x0020,
  0x0842, 0x0021, 0x0883, 0x10C6, 0x2168, 0x31E9, 0x52EB, 0x8CAE, 0x73AA, 0x0883, 0x0022, 0x0882,
  0x3A0A, 0x29A8, 0x42CA, 0x638C, 0x1903, 0x0042, 0x10A4, 0x2988, 0x29C7, 0x6BCC, 0x6BCB, 0x31C6,
  0x29A6, 0x530A, 0x4A88, 0x4A69, 0x6A89, 0xBA64, 0xB328, 0x6A67, 0x41A5, 0x7BEB, 0x7C2B, 0x3184,
  0x0841, 0x0041, 0x0021, 0x0021, 0x0042, 0x0862, 0x1061, 0x1881, 0x30A1, 0x4102, 0x6A44, 0xA345,
  0xA365, 0x62A5, 0x1083, 0x10A3, 0x0062, 0x0000, 0x6B08, 0x840C, 0x8C2D, 0x5288, 0x7BAB, 0x4A49,
  0x3A29, 0x3A08, 0x1906, 0x18E6, 0x18E6, 0x0883, 0x0000, 0x0000, 0x0884, 0x1906, 0x10A4, 0x0842,
  0x0020, 0x0041, 0x10C5, 0x10A3, 0x0000, 0x0000, 0x0882, 0x31C9, 0x2167, 0x0863, 0x0862, 0x424A,
  0x3A4B, 0x3A2A, 0x4ACC, 0x4ACC, 0x3A2A, 0x31E9, 0x2146, 0x10A4, 0x0042, 0x0022, 0x1084, 0x0863,
  0x0022, 0x0884, 0x0863, 0x10C5, 0x10A5, 0x10A5, 0x1084, 0x0000, 0x0000, 0x0000, 0x2145, 0x4B4F,
  0x21C9, 0x0043, 0x0043, 0x0043, 0x0844, 0x0844, 0x0044, 0x0043, 0x29E9, 0x5B90, 0x2146, 0x10A4,
  0x0883, 0x0021, 0x0000, 0x0000, 0x0842, 0x0883, 0x0000, 0x0862, 0x0042, 0x0000, 0x0842, 0x2146,
  0x1906, 0x3209, 0x3209, 0x7BEC, 0x840C, 0x10A3, 0x0001, 0x2125, 0x320A, 0x29A8, 0x3208, 0x63CD,
  0x31E6, 0x0042, 0x08A4, 0x29A8, 0x2166, 0x5B6A, 0x6BCC, 0x31C5, 0x2986, 0x4AA8, 0x5B4A, 0x5269,
  0x6228, 0x8267, 0x62C9, 0x630A, 0x39C6, 0x636B, 0x7C2B, 0x2984, 0x0021, 0x0021, 0x0021, 0x0021,
  0x0021, 0x0841, 0x1861, 0x30A1, 0x5922, 0x8AE7, 0xBCAD, 0xC469, 0xB3C5, 0x30C1, 0x1881, 0x0861,
  0x0021, 0x0000, 0x41E5, 0x83EC, 0x6B2A, 0x39E7, 0x7BAB, 0x6B0A, 0x2988, 0x31A8, 0x2988, 0x1906,
  0x18E6, 0x10C4, 0x0000, 0x0020, 0x10C5, 0x18E6, 0x0883, 0x0000, 0x0020, 0x08A3, 0x1906, 0x0883,
  0x0000, 0x0000, 0x1905, 0x31E9, 0x18E5, 0x0863, 0x29A7, 0x4AAC, 0x426B, 0x532D, 0x6BAF, 0x4A8B,
  0x2126, 0x2145, 0x3A4A, 0x31C8, 0x1084, 0x0863, 0x10C5, 0x0884, 0x0021, 0x0883, 0x0884, 0x10E6,
  0x10A5, 0x10A5, 0x0863, 0x0000, 0x0000, 0x0000, 0x2145, 0x4B4F, 0x21C9, 0x0043, 0x0043, 0x0044,
  0x0844, 0x0044, 0x0043, 0x0043, 0x29C9, 0x5B6F, 0x2966, 0x0883, 0x0001, 0x0000, 0x0000, 0x0021,
  0x0863, 0x0021, 0x0000, 0x0042, 0x0000, 0x0000, 0x0020, 0x2126, 0x2147, 0x2147, 0x2988, 0x3A08,
  0x738B, 0x4A67, 0x0863, 0x31E9, 0x3A2A, 0x31E9, 0x29C8, 0x5B6C, 0x530A, 0x0862, 0x10A4, 0x1926,
  0x1905, 0x42A9, 0x63AB, 0x3A06, 0x3A09, 0x4269, 0x6BCB, 0x5A88, 0x7227, 0x5AA9, 0x4A68, 0x4A68,
  0x39E7, 0x4AE9, 0x742C, 0x31E5, 0x0041, 0x0021, 0x0021, 0x0021, 0x0021, 0x1040, 0x30A1, 0x5101,
  0xAB05, 0xEE32, 0xFF9C, 0xE696, 0x9348, 0x30C1, 0x1860, 0x0840, 0x0021, 0x0021, 0x10A2, 0x7BAA,
  0x62E9, 0x1906, 0x4A47, 0x7BAB, 0x4A48, 0x2988, 0x31E9, 0x2147, 0x18E6, 0x10A4, 0x0000, 0x0862,
  0x18E6, 0x10A4, 0x0020, 0x0020, 0x0042, 0x18E5, 0x10A4, 0x0020, 0x0000, 0x0000, 0x2125, 0x29A9,
  0x10C5, 0x0042, 0x3A28, 0x4AAB, 0x530D, 0x532E, 0x4AAB, 0x2145, 0x10C2, 0x428A, 0x530C, 0x2987,
  0x0862, 0x0883, 0x10C5, 0x0884, 0x0021, 0x0863, 0x18E5, 0x18E6, 0x10A5, 0x10A4, 0x0041, 0x0000,
  0x0000, 0x0000, 0x2145, 0x4B6F, 0x21C9, 0x0043, 0x0043, 0x0044, 0x0844, 0x0844, 0x0043, 0x0043,
  0x29C9, 0x5B6F, 0x2145, 0x0000, 0x0000, 0x0000, 0x0000, 0x0842, 0x0021, 0x0000, 0x0021, 0x0862,
  0x0000, 0x0000, 0x0000, 0x0041, 0x2126, 0x1906, 0x2147, 0x3A4A, 0x73AB, 0x4227, 0x2126, 0x3A0A,
  0x320A, 0x29A8, 0x31E9, 0x428A, 0x5B6B, 0x10C4, 0x10A5, 0x10C5, 0x2126, 0x31C6, 0x532A, 0x2985,
  0x31E8, 0x4AAA, 0x73EC, 0x52A8, 0x2924, 0x52C9, 0x632A, 0x39E6, 0x10A3, 0x31E7, 0x6BEC, 0x5308,
  0x10A2, 0x0021, 0x0021, 0x0021, 0x0820, 0x1860, 0x40C1, 0x9A22, 0xE50A, 0xFFB9, 0xFFFE, 0xF6D5,
  0x8AE6, 0x38C1, 0x1860, 0x0840, 0x0021, 0x0021, 0x0000, 0x4A26, 0x83AB, 0x31A7, 0x18E5, 0x41E6,
  0x39E7, 0x2147, 0x29A8, 0x2167, 0x10C5, 0x0021, 0x0000, 0x10A4, 0x10E5, 0x0041, 0x0000, 0x0020,
  0x10A4, 0x10C5, 0x0020, 0x0000, 0x0020, 0x0021, 0x18E4, 0x1906, 0x08A5, 0x0863, 0x4268, 0x4AAB,
  0x428C, 0x3A2A, 0x2126, 0x1903, 0x4AA9, 0x530B, 0x3A28, 0x1905, 0x0862, 0x0884, 0x10C5, 0x0863,
  0x0000, 0x0883, 0x1926, 0x10E6, 0x0863, 0x0042, 0x0000, 0x0000, 0x0000, 0x0000, 0x2145, 0x4B6F,
  0x21C9, 0x0043, 0x0044, 0x0044, 0x0044, 0x0844, 0x0044, 0x0043, 0x29C9, 0x5B6F, 0x2145, 0x0000,
  0x0000, 0x0000, 0x0021, 0x0041, 0x0000, 0x0000, 0x0863, 0x0021, 0x0000, 0x0000, 0x0000, 0x0863,
  0x10C4, 0x1926, 0x1906, 0x3A49, 0x4A48, 0x10A4, 0x31C9, 0x31C9, 0x2147, 0x2988, 0x29C8, 0x3A4A,
  0x63AC, 0x3A27, 0x08A5, 0x10C5, 0x18E5, 0x2986, 0x3A29, 0x10C3, 0x29A7, 0x4AAA, 0x6BEC, 0x52E9,
  0x18E3, 0x4268, 0x638B, 0x5B0A, 0x1904, 0x10C3, 0x4AE9, 0x742D, 0x4AA8, 0x0041, 0x0021, 0x0021,
  0x0840, 0x2080, 0x50E1, 0xC304, 0xF62C, 0xFFDA, 0xFF98, 0xE56D, 0x79E3, 0x38C1, 0x18A1, 0x0861,
  0x0061, 0x0041, 0x0021, 0x0041, 0x5267, 0x5268, 0x39C8, 0x18E6, 0x10A4, 0x10E5, 0x1926, 0x10E5,
  0x0842, 0x0883, 0x0863, 0x0883, 0x0862, 0x0020, 0x0000, 0x0020, 0x10A4, 0x0021, 0x0000, 0x0020,
  0x0862, 0x10A3, 0x2146, 0x10A4, 0x08A4, 0x10C3, 0x4AA9, 0x4AAB, 0x322A, 0x31E9, 0x4A88, 0x5B0A,
  0x5B2C, 0x42AA, 0x4AEB, 0x4ACB, 0x31E7, 0x10C4, 0x10A5, 0x0842, 0x0020, 0x10C5, 0x1906, 0x10C5,
  0x0021, 0x0000, 0x0000, 0x0000, 0x0000, 0x0000, 0x2165, 0x536F, 0x21C9, 0x0043, 0x0043, 0x0043,
  0x0044, 0x0844, 0x0044, 0x0043, 0x29C9, 0x5B70, 0x2165, 0x0000, 0x0000, 0x0000, 0x0000, 0x0000,
  0x0021, 0x0862, 0x0842, 0x0000, 0x0000, 0x0000, 0x0042, 0x10A4, 0x10A5, 0x0883, 0x0883, 0x1904,
  0x0042, 0x1926, 0x31E9, 0x1926, 0x18E6, 0x29A9, 0x2146, 0x3209, 0x63CC, 0x5B4A, 0x0884, 0x10C5,
  0x10E5, 0x1905, 0x2124, 0x0862, 0x1925, 0x3A69, 0x63AB, 0x6BEC, 0x3A27, 0x2985, 0x5B2B, 0x4ACA,
  0x2125, 0x3206, 0x3A49, 0x534C, 0x63CC, 0x2164, 0x0000, 0x0020, 0x1040, 0x2080, 0x5901, 0xD384,
  0xFECF, 0xFF54, 0xF5AB, 0xBB25, 0x8309, 0x6B4B, 0x5B2B, 0x4AEB, 0x42CB, 0x42AA, 0x3A6A, 0x31E7,
  0x4269, 0x5B0B, 0x62C9, 0x2987, 0x2146, 0x31A7, 0x18E6, 0x10C4, 0x2145, 0x2146, 0x10E5, 0x10C5,
  0x0883, 0x0041, 0x0000, 0x0000, 0x0000, 0x0000, 0x0000, 0x0862, 0x1083, 0x10A4, 0x1906, 0x0884,
  0x0884, 0x2164, 0x52EA, 0x426B, 0x320A, 0x632B, 0x740D, 0x5B2C, 0x428B, 0x3A4A, 0x4AEC, 0x4B0C,
  0x4AEB, 0x2986, 0x10A4, 0x0842, 0x0862, 0x1906, 0x10C5, 0x0042, 0x0000, 0x0000, 0x0000, 0x0000,
  0x0000, 0x0000, 0x2165, 0x536F, 0x21C9, 0x0044, 0x0043, 0x0043, 0x0044, 0x0844, 0x0044, 0x0043,
  0x29C9, 0x5B90, 0x2166, 0x0000, 0x0000, 0x0000, 0x0000, 0x0862, 0x08A4, 0x0883, 0x0021, 0x0000,
  0x0000, 0x0000, 0x0863, 0x10A5, 0x10A5, 0x0884, 0x0863, 0x0021, 0x0863, 0x2147, 0x2146, 0x0884,
  0x1926, 0x31C8, 0x10E4, 0x29C8, 0x4B0B, 0x63CC, 0x2165, 0x10C5, 0x10C5, 0x10A4, 0x10A3, 0x2167,
  0x10A3, 0x29A7, 0x530A, 0x7C8D, 0x742D, 0x2124, 0x3A48, 0x428A, 0x1924, 0x4AC9, 0x63AC, 0x428A,
  0x42AB, 0x3A48, 0x31E6, 0x31C6, 0x2124, 0x28C2, 0x6962, 0xDC05, 0xF62B, 0xECE8, 0xCB66, 0x92C8,
  0x72EA, 0x5AEA, 0x52CB, 0x42AB, 0x3A4A, 0x322A, 0x3A6A, 0x42CB, 0x4AEC, 0x4ACB, 0x6B09, 0x4228,
  0x2967, 0x4249, 0x2127, 0x10C4, 0x2966, 0x1906, 0x18E6, 0x18E6, 0x10C4, 0x0020, 0x0000, 0x0000,
  0x0000, 0x0021, 0x0862, 0x10A4, 0x0883, 0x2167, 0x10C5, 0x0863, 0x10C3, 0x5B09, 0x5B4B, 0x320A,
  0x4229, 0x6B8C, 0x4AEB, 0x31E9, 0x31E9, 0x42AB, 0x3A4B, 0x320A, 0x29C8, 0x1905, 0x0883, 0x0842,
  0x10A4, 0x1906, 0x0883, 0x0000, 0x0000, 0x0000, 0x0000, 0x0000, 0x0000, 0x0000, 0x2166, 0x536F,
  0x21C9, 0x0043, 0x0043, 0x0043, 0x0044, 0x0844, 0x0044, 0x0043, 0x29C9, 0x5390, 0x2166, 0x0000,
  0x0000, 0x0000, 0x0862, 0x0883, 0x0042, 0x0000, 0x0000, 0x0000, 0x0000, 0x0021, 0x0863, 0x0884,
  0x0883, 0x08A4, 0x0863, 0x0863, 0x0842, 0x10C5, 0x0883, 0x0884, 0x426A, 0x4ACB, 0x2167, 0x29A8,
  0x42AB, 0x5B8B, 0x4247, 0x10A5, 0x10C5, 0x10E5, 0x10C4, 0x31E9, 0x2167, 0x2146, 0x31E8, 0x6BCC,
  0x7C6D, 0x4267, 0x10C3, 0x3A49, 0x29A6, 0x1925, 0x4AEA, 0x5B6C, 0x3A48, 0x4289, 0x532B, 0x4ACA,
  0x4289, 0x52A9, 0xA2C7, 0xE424, 0xDBC5, 0xBB27, 0x8AE9, 0x72C9, 0x5A8A, 0x4A6A, 0x3A6A, 0x3A6A,
  0x3249, 0x322A, 0x322A, 0x3A4A, 0x3A6A, 0x3A4A, 0x5AC9, 0x4A68, 0x2167, 0x39E8, 0x39E8, 0x2146,
  0x10C4, 0x0883, 0x10E5, 0x18E6, 0x10C5, 0x0041, 0x0000, 0x0020, 0x0863, 0x10A4, 0x10C5, 0x0883,
  0x1905, 0x2147, 0x0884, 0x0021, 0x2985, 0x6BAC, 0x4AAB, 0x3A09, 0x634B, 0x5B4C, 0x4AAB, 0x426B,
  0x3A2A, 0x2987, 0x2146, 0x1905, 0x18E5, 0x10C5, 0x0863, 0x0041, 0x10A4, 0x10C5, 0x0042, 0x0000,
  0x0000, 0x0000, 0x0000, 0x0000, 0x0000, 0x0000, 0x2166, 0x4B4F, 0x21A9, 0x0044, 0x0044, 0x0044,
  0x0044, 0x0844, 0x0044, 0x0043, 0x21C9, 0x5390, 0x2986, 0x0000, 0x0000, 0x0021, 0x0842, 0x0000,
  0x0000, 0x0000, 0x0000, 0x0000, 0x0042, 0x0863, 0x0884, 0x0863, 0x0883, 0x0883, 0x0863, 0x0884,
  0x0863, 0x08A4, 0x0884, 0x0883, 0x3208, 0x534C, 0x42AA, 0x2146, 0x3A49, 0x534C, 0x4AC9, 0x10E4,
  0x10A5, 0x10C5, 0x10E4, 0x320A, 0x31E9, 0x31E8, 0x1905, 0x3228, 0x532B, 0x52E9, 0x0841, 0x10C4,
  0x1906, 0x2125, 0x2186, 0x4B0B, 0x536B, 0x4ACA, 0x4B0A, 0x3A28, 0x3A49, 0x6AEA, 0xC2C7, 0xD2E5,
  0x8A67, 0x6A88, 0x6AEA, 0x5AEA, 0x4ACA, 0x42AA, 0x3A8A, 0x3A49, 0x3229, 0x3A4A, 0x3A6A, 0x3A6A,
  0x3A6A, 0x3A6A, 0x52C9, 0x630A, 0x39E8, 0x5ACA, 0x632A, 0x3A08, 0x1906, 0x10A4, 0x0883, 0x10C5,
  0x0883, 0x0020, 0x0000, 0x0041, 0x10C5, 0x0863, 0x0041, 0x1905, 0x29A9, 0x10E5, 0x0863, 0x10A2,
  0x5B4B, 0x530B, 0x3A2A, 0x5B0A, 0x6BAC, 0x638C, 0x63AC, 0x532C, 0x4AAB, 0x2168, 0x10E5, 0x10C5,
  0x18E6, 0x10C5, 0x0020, 0x0042, 0x10A4, 0x18E5, 0x1905, 0x0000, 0x0000, 0x10A2, 0x2965, 0x0882,
  0x0000, 0x0000, 0x2166, 0x4B4F, 0x21A9, 0x0044, 0x0043, 0x0043, 0x0844, 0x0844, 0x0044, 0x0044,
  0x21A9, 0x5370, 0x2986, 0x0000, 0x0000, 0x0000, 0x0000, 0x0000, 0x0000, 0x0000, 0x0000, 0x0863,
  0x0863, 0x0863, 0x0863, 0x0021, 0x0862, 0x0001, 0x0863, 0x0884, 0x0863, 0x10A4, 0x10A5, 0x0863,
  0x08A2, 0x3A68, 0x534B, 0x3208, 0x2166, 0x3A6A, 0x52EA, 0x31E7, 0x39E7, 0x10A4, 0x10C4, 0x322A,
  0x3209, 0x3A49, 0x2166, 0x1925, 0x426A, 0x4289, 0x1904, 0x0883, 0x18E5, 0x3A28, 0x3A48, 0x29A6,
  0x3A89, 0x3AA9, 0x3268, 0x3248, 0x42A9, 0x82A9, 0xBAC7, 0x82C9, 0x52C9, 0x4AC9, 0x4ACA, 0x4AEA,
  0x4B0A, 0x430A, 0x42EA, 0x3ACA, 0x3AAA, 0x3ACA, 0x3ACA, 0x3ACA, 0x3ACA, 0x3AAA, 0x3AAA, 0x5AEA,
  0x3A08, 0x31C8, 0x5AC9, 0x5AA9, 0x2147, 0x18E6, 0x10A3, 0x0041, 0x0000, 0x0000, 0x0000, 0x0883,
  0x10A4, 0x0020, 0x0883, 0x29C9, 0x2147, 0x0863, 0x10C3, 0x4288, 0x5B4B, 0x3A4A, 0x31C8, 0x638B,
  0x5B6C, 0x4AAB, 0x428A, 0x3A29, 0x3209, 0x2988, 0x10A4, 0x10E5, 0x10C5, 0x0863, 0x0041, 0x10E4,
  0x2146, 0x31C9, 0x2987, 0x0000, 0x0020, 0x3A28, 0x52EB, 0x10C4, 0x0000, 0x0000, 0x2186, 0x4B4F,
  0x21A9, 0x0043, 0x0023, 0x0043, 0x0844, 0x0844, 0x0044, 0x0043, 0x21A9, 0x5370, 0x2986, 0x0000,
  0x0000, 0x0000, 0x0000, 0x0000, 0x0000, 0x0042, 0x0883, 0x0863, 0x0021, 0x0842, 0x0021, 0x0000,
  0x0000, 0x0000, 0x0863, 0x0863, 0x0021, 0x10A4, 0x0884, 0x0042, 0x0863, 0x10E3, 0x3A68, 0x42CA,
  0x1905, 0x2987, 0x52EA, 0x3A69, 0x6BCC, 0x4268, 0x0041, 0x29C9, 0x29A8, 0x3A29, 0x3A28, 0x10A3,
  0x31C7, 0x3A29, 0x31E8, 0x3208, 0x3A48, 0x2145, 0x3229, 0x4A69, 0x62C9, 0x534A, 0x3B4A, 0x434A,
  0x4B4A, 0x6B4A, 0x736A, 0x538B, 0x4B6A, 0x436A, 0x436A, 0x436B, 0x438B, 0x438B, 0x436B, 0x436A,
  0x436B, 0x438B, 0x438B, 0x3B8B, 0x3B6B, 0x436B, 0x436B, 0x534A, 0x5A68, 0x2946, 0x39C7, 0x6B2A,
  0x31A7, 0x10C5, 0x0863, 0x0020, 0x0000, 0x0021, 0x0883, 0x0883, 0x0042, 0x0043, 0x0863, 0x2986,
  0x4289, 0x5B2B, 0x4ACA, 0x534B, 0x426A, 0x3A0A, 0x4249, 0x7C4D, 0x5B6C, 0x426B, 0x2146, 0x2147,
  0x320A, 0x2187, 0x0883, 0x10A4, 0x0862, 0x0882, 0x2987, 0x3A0A, 0x3A2A, 0x29A8, 0x10C4, 0x0020,
  0x0861, 0x52CB, 0x4AAB, 0x10C4, 0x0021, 0x0000, 0x2186, 0x4B4F, 0x21A9, 0x0044, 0x0043, 0x0043,
  0x0044, 0x0044, 0x0044, 0x0043, 0x21A9, 0x5370, 0x2186, 0x0000, 0x0000, 0x0000, 0x0000, 0x0000,
  0x0041, 0x0862, 0x0041, 0x0000, 0x0000, 0x0042, 0x0842, 0x0884, 0x0001, 0x0000, 0x0021, 0x0021,
  0x0842, 0x10A5, 0x0883, 0x0042, 0x10A4, 0x0884, 0x1904, 0x3A28, 0x10C4, 0x08A4, 0x2186, 0x3209,
  0x5BAC, 0x5B6A, 0x1903, 0x1926, 0x29A8, 0x3A09, 0x3A09, 0x18E4, 0x10C4, 0x29A7, 0x2966, 0x2146,
  0x3209, 0x31E9, 0x3249, 0x72A9, 0x9389, 0x6CCC, 0x54CC, 0x54CC, 0x6C6B, 0x6C6B, 0x54AC, 0x54CC,
  0x54CC, 0x54CC, 0x54CC, 0x54AC, 0x54CC, 0x54CC, 0x54CC, 0x54EC, 0x54CC, 0x4CCC, 0x4CCC, 0x4CCC,
  0x54CC, 0x54EC, 0x54EC, 0x64CC, 0x8B89, 0x6A88, 0x4248, 0x738B, 0x630A, 0x31A7, 0x10A3, 0x0883,
  0x10A4, 0x10A4, 0x10C4, 0x10C5, 0x10A4, 0x0884, 0x10E4, 0x4AEA, 0x742E, 0x5B4C, 0x530A, 0x4AEB,
  0x3A2A, 0x2988, 0x3A07, 0x7C4D, 0x5B4C, 0x3A09, 0x1926, 0x29A8, 0x2988, 0x10A4, 0x0842, 0x0862,
  0x0862, 0x2166, 0x3A2A, 0x3A2A, 0x29C9, 0x10C5, 0x0883, 0x0000, 0x0882, 0x52EB, 0x426A, 0x0863,
  0x0883, 0x0000, 0x29A6, 0x4B4F, 0x21A8, 0x0044, 0x0043, 0x0043, 0x0044, 0x0044, 0x0044, 0x0043,
  0x21A9, 0x5370, 0x29A7, 0x0000, 0x0000, 0x0000, 0x0000, 0x0000, 0x0021, 0x0000, 0x0000, 0x0000,
  0x0021, 0x0883, 0x0884, 0x08A4, 0x0021, 0x0000, 0x0000, 0x0042, 0x0863, 0x10A5, 0x0863, 0x0021,
  0x0862, 0x2986, 0x29A7, 0x4248, 0x2144, 0x0862, 0x2146, 0x31E9, 0x4B4B, 0x6C4D, 0x4AC8, 0x3186,
  0x62CA, 0x83AD, 0x5AA9, 0x2125, 0x1906, 0x2146, 0x29C8, 0x3209, 0x322A, 0x3A6A, 0x3AEA, 0x53AB,
  0x5D2C, 0x768F, 0x65AE, 0x5D6D, 0x654C, 0x656C, 0x5D6D, 0x658D, 0x65AE, 0x6DCE, 0x65CE, 0x5D8D,
  0x65AD, 0x65AE, 0x656D, 0x6DCE, 0x658D, 0x5D6D, 0x5D4D, 0x5D6D, 0x65AE, 0x65AE, 0x658D, 0x6E6E,
  0x5D2C, 0x5BAB, 0x430B, 0x3A49, 0x5289, 0x5289, 0x1905, 0x1925, 0x2167, 0x2987, 0x29C9, 0x29C9,
  0x2126, 0x2125, 0x4AC9, 0x63AC, 0x4ACB, 0x3A28, 0x52EB, 0x3A29, 0x31E9, 0x2146, 0x3A06, 0x6BED,
  0x52EB, 0x2147, 0x2988, 0x2167, 0x10A4, 0x10A4, 0x10C5, 0x10C5, 0x10C4, 0x2987, 0x29A8, 0x2146,
  0x08A4, 0x10C5, 0x0883, 0x0000, 0x10A2, 0x5B4D, 0x3A4A, 0x0042, 0x0883, 0x0000, 0x29A7, 0x536F,
  0x21A8, 0x0044, 0x0044, 0x0044, 0x0044, 0x0044, 0x0044, 0x0043, 0x21A8, 0x5390, 0x29C7, 0x0000,
  0x0000, 0x0000, 0x0000, 0x0000, 0x0000, 0x0000, 0x0000, 0x0000, 0x0863, 0x0884, 0x0863, 0x0884,
  0x0022, 0x0000, 0x0021, 0x0842, 0x0883, 0x0884, 0x0863, 0x0883, 0x0862, 0x3A49, 0x4AEB, 0x4269,
  0x52EA, 0x1904, 0x29A8, 0x322A, 0x42AA, 0x5BAC, 0x5B8B, 0x5AA9, 0x6B2A, 0x83AC, 0x8C0D, 0x4A49,
  0x2147, 0x4ACA, 0x5B6B, 0x3A29, 0x324A, 0x3ACA, 0x438B, 0x4C8B, 0x664E, 0x5D8C, 0x54CB, 0x3C09,
  0x658D, 0x65AD, 0x6DCE, 0x6DEE, 0x65AD, 0x5D6D, 0x6E0E, 0x4CAB, 0x65AD, 0x658D, 0x4C6B, 0x6DCE,
  0x4C6A, 0x54CB, 0x444A, 0x4CCB, 0x5D8D, 0x658D, 0x4C8A, 0x4D4B, 0x664E, 0x4C6B, 0x43AB, 0x3ACA,
  0x3A4A, 0x31E8, 0x29C8, 0x29C8, 0x320A, 0x320A, 0x29C8, 0x29C7, 0x4289, 0x532A, 0x530A, 0x428A,
  0x29A8, 0x3208, 0x3A29, 0x29C8, 0x3209, 0x3A07, 0x4AA9, 0x4ACA, 0x4269, 0x31E9, 0x29C9, 0x1905,
  0x10A4, 0x0862, 0x10C5, 0x0863, 0x2987, 0x31E9, 0x2167, 0x08A4, 0x0883, 0x08A4, 0x0042, 0x0000,
  0x10C3, 0x52EC, 0x29A8, 0x0042, 0x0042, 0x0042, 0x29C7, 0x536F, 0x2188, 0x0044, 0x0044, 0x0044,
  0x0044, 0x0044, 0x0043, 0x0043, 0x2188, 0x5B90, 0x31E7, 0x0000, 0x0000, 0x0000, 0x0000, 0x0000,
  0x0000, 0x0000, 0x0000, 0x0022, 0x0884, 0x0863, 0x0883, 0x0863, 0x0000, 0x0000, 0x0042, 0x0863,
  0x0884, 0x0022, 0x1083, 0x2167, 0x0862, 0x2165, 0x534B, 0x532B, 0x5B4B, 0x29C6, 0x2988, 0x3A2A,
  0x322A, 0x42AA, 0x6BEC, 0x634B, 0x6B0A, 0x6B0A, 0x7BAC, 0x4A49, 0x10A4, 0x3207, 0x63AB, 0x4AC9,
  0x3AEA, 0x436A, 0x442A, 0x4D2B, 0x76CF, 0x3C49, 0x4C6A, 0x4C6A, 0x54CB, 0x4C8B, 0x54CB, 0x54CB,
  0x54EB, 0x54CB, 0x5D2C, 0x54AB, 0x54EB, 0x4C6A, 0x43C9, 0x4C6B, 0x3348, 0x54CB, 0x4C4A, 0x54AB,
  0x4CAB, 0x4C8B, 0x3BA9, 0x3BE8, 0x76CF, 0x554C, 0x442B, 0x436A, 0x3AAA, 0x324A, 0x324A, 0x3A2A,
  0x29C9, 0x2187, 0x1905, 0x4289, 0x4AC9, 0x4AC9, 0x4A69, 0x736C, 0x7B6C, 0x39E7, 0x10E4, 0x2987,
  0x31C8, 0x52EB, 0x426A, 0x2987, 0x2145, 0x1925, 0x10C4, 0x0862, 0x0042, 0x0000, 0x0000, 0x18E4,
  0x320A, 0x320A, 0x2147, 0x0884, 0x0863, 0x0021, 0x0000, 0x0000, 0x4228, 0x4AEC, 0x10E6, 0x0042,
  0x0000, 0x0021, 0x31E8, 0x5370, 0x2188, 0x0044, 0x0044, 0x0044, 0x0044, 0x0044, 0x0043, 0x0043,
  0x2188, 0x536F, 0x29C7, 0x0000, 0x0000, 0x0000, 0x0000, 0x0000, 0x0000, 0x0000, 0x0021, 0x0884,
  0x0884, 0x0863, 0x0884, 0x0021, 0x0021, 0x0863, 0x08A4, 0x08A4, 0x0863, 0x0000, 0x10A3, 0x31E9,
  0x2146, 0x0863, 0x42A9, 0x4AEA, 0x4ACA, 0x52EA, 0x2166, 0x320A, 0x29A7, 0x322A, 0x5B6C, 0x6BAB,
  0x62EA, 0x6AEA, 0x5289, 0x2145, 0x08A3, 0x10C3, 0x29C6, 0x3207, 0x3AEA, 0x438A, 0x448B, 0x662E,
  0x6E2E, 0x22C6, 0x1A46, 0x2206, 0x2226, 0x2226, 0x2246, 0x2246, 0x2266, 0x2AC7, 0x3BA9, 0x3BE9,
  0x5D4C, 0x3BC8, 0x3368, 0x2AC7, 0x1A46, 0x2246, 0x2226, 0x2226, 0x1A06, 0x1A06, 0x1A26, 0x22E6,
  0x6E2E, 0x6E4E, 0x444B, 0x3B6A, 0x3AC9, 0x3269, 0x29A8, 0x29C9, 0x29A9, 0x29C9, 0x29C9, 0x29A8,
  0x4228, 0x52EA, 0x634C, 0xA48E, 0x9C6E, 0x734B, 0x3165, 0x0862, 0x3A49, 0x428B, 0x29A8, 0x10C4,
  0x1924, 0x31E7, 0x42AA, 0x4249, 0x10C3, 0x0000, 0x0000, 0x2967, 0x3A2A, 0x320A, 0x10E5, 0x10A4,
  0x0884, 0x0000, 0x0000, 0x0000, 0x4269, 0x426B, 0x10A5, 0x0042, 0x0000, 0x0000, 0x31E8, 0x4B70,
  0x1988, 0x0044, 0x0044, 0x0044, 0x0043, 0x0044, 0x0044, 0x0043, 0x2168, 0x4B4F, 0x29C7, 0x0000,
  0x0000, 0x0000, 0x0000, 0x0000, 0x0000, 0x0000, 0x0863, 0x0884, 0x0042, 0x0883, 0x0842, 0x0000,
  0x0884, 0x10A5, 0x10C5, 0x0884, 0x0842, 0x10C3, 0x10A4, 0x3A0A, 0x29A8, 0x0863, 0x2145, 0x3A29,
  0x42AA, 0x6BED, 0x4247, 0x31E9, 0x2166, 0x31E9, 0x3A6A, 0x636C, 0x5AA9, 0x5AAA, 0x4A69, 0x3A29,
  0x3A29, 0x3269, 0x3AC9, 0x430A, 0x3B2A, 0x43EB, 0x4D0B, 0x76EF, 0x54EB, 0x1A46, 0x19C6, 0x1986,
  0x19A6, 0x19A6, 0x19C6, 0x1A06, 0x3368, 0x4C6A, 0x5CEC, 0x54CB, 0x764F, 0x4CAA, 0x54CB, 0x4C6A,
  0x3B88, 0x1A26, 0x19C6, 0x1986, 0x1986, 0x19A6, 0x19C6, 0x2266, 0x54EB, 0x76EF, 0x4CCB, 0x438A,
  0x3AE9, 0x3A89, 0x3249, 0x3A49, 0x3A6A, 0x42AA, 0x4AAA, 0x52AA, 0x5ACA, 0x52CA, 0x634C, 0x83CC,
  0x83CD, 0x83AC, 0x62EA, 0x3165, 0x29A7, 0x2167, 0x10C4, 0x29A6, 0x532B, 0x5B6D, 0x5B6D, 0x3A49,
  0x18E5, 0x0042, 0x0862, 0x31C9, 0x3A2A, 0x31E9, 0x2167, 0x18E6, 0x10A4, 0x0000, 0x0000, 0x0020,
  0x5B0C, 0x3A2A, 0x08A5, 0x0022, 0x0000, 0x0000, 0x29E8, 0x4B4F, 0x1968, 0x0024, 0x0024, 0x0044,
  0x0043, 0x0043, 0x0043, 0x0043, 0x1967, 0x534F, 0x31E8, 0x0000, 0x0000, 0x0000, 0x0000, 0x0000,
  0x0000, 0x0021, 0x0884, 0x0042, 0x0021, 0x0863, 0x0021, 0x0863, 0x10A4, 0x0884, 0x0884, 0x0042,
  0x10A3, 0x29A8, 0x2126, 0x320A, 0x31E9, 0x0883, 0x0884, 0x31C8, 0x426A, 0x636C, 0x52C9, 0x29A8,
  0x29C8, 0x29A7, 0x3A6A, 0x4AEB, 0x5AEA, 0x5ACA, 0x5ACA, 0x4AAA, 0x3A6A, 0x4B2A, 0x4BAB, 0x4BCB,
  0x544B, 0x54EC, 0x662D, 0x76AF, 0x3388, 0x1A06, 0x19A6, 0x1986, 0x1966, 0x1986, 0x19C6, 0x3368,
  0x65CD, 0x4C8A, 0x33A8, 0x2B27, 0x4C8B, 0x2B47, 0x33C9, 0x4C8A, 0x658D, 0x3368, 0x19E6, 0x1986,
  0x1966, 0x1966, 0x19A6, 0x1A06, 0x3388, 0x76AE, 0x5DED, 0x548C, 0x540B, 0x4B8B, 0x4B4B, 0x4B2B,
  0x4B2B, 0x4B0B, 0x5B2B, 0x5ACA, 0x4248, 0x52CA, 0x5B2C, 0x6B0A, 0x83CD, 0x7B8C, 0x5AC9, 0x530A,
  0x4AEA, 0x428A, 0x31E8, 0x532C, 0x5B4C, 0x426A, 0x31C8, 0x10C5, 0x10A5, 0x0863, 0x10C4, 0x31E9,
  0x320A, 0x29A8, 0x2168, 0x10C5, 0x0883, 0x0000, 0x0000, 0x0861, 0x5B4D, 0x29C9, 0x08A4, 0x0022,
  0x0000, 0x0000, 0x29E8, 0x4B4F, 0x1968, 0x0024, 0x0023, 0x0044, 0x0043, 0x0043, 0x0044, 0x0043,
  0x1967, 0x534F, 0x3208, 0x0000, 0x0000, 0x0000, 0x0020, 0x0000, 0x0842, 0x0863, 0x0863, 0x0001,
  0x0842, 0x0021, 0x0042, 0x10A4, 0x08A4, 0x0022, 0x0000, 0x0000, 0x10A3, 0x31C9, 0x2967, 0x31C9,
  0x31E9, 0x1905, 0x0864, 0x31C8, 0x3A4B, 0x4ACB, 0x4ACA, 0x2986, 0x3209, 0x29A8, 0x3A6A, 0x42CB,
  0x5B4B, 0x62EA, 0x6B2A, 0x62EA, 0x4AAA, 0x42EA, 0x4B8B, 0x4BEB, 0x4C2B, 0x4CAB, 0x6E6E, 0x5DAC,
  0x22E7, 0x19E6, 0x1986, 0x1966, 0x1966, 0x1966, 0x2206, 0x4C6A, 0x766E, 0x5D2C, 0x550C, 0x43E9,
  0x43EA, 0x4409, 0x550C, 0x550C, 0x766F, 0x4C8B, 0x2226, 0x1986, 0x1966, 0x1966, 0x1986, 0x19E6,
  0x22C7, 0x5DAC, 0x666E, 0x4CAB, 0x4BEB, 0x432B, 0x42AB, 0x3A8B, 0x428A, 0x52AA, 0x52AA, 0x5AAA,
  0x52A9, 0x4AAA, 0x4A8A, 0x62EA, 0x83AC, 0x62EA, 0x5B6C, 0x5BAD, 0x42AA, 0x3A6A, 0x4AEC, 0x5B6D,
  0x42AA, 0x1925, 0x10A4, 0x10A5, 0x08A4, 0x0042, 0x10C4, 0x31EA, 0x31C9, 0x18E5, 0x10C5, 0x10A5,
  0x0021, 0x0000, 0x0000, 0x2965, 0x5B4E, 0x29C9, 0x10A5, 0x0863, 0x0000, 0x0000, 0x3208, 0x4B4F,
  0x1967, 0x0044, 0x0023, 0x0043, 0x0043, 0x0043, 0x0044, 0x0043, 0x1967, 0x536F, 0x3A29, 0x0000,
  0x0000, 0x0862, 0x2146, 0x1925, 0x18E4, 0x0021, 0x0000, 0x0000, 0x0000, 0x0000, 0x0883, 0x08A4,
  0x0863, 0x0000, 0x0000, 0x1083, 0x10A3, 0x29A8, 0x31C9, 0x29A8, 0x320A, 0x2146, 0x18E5, 0x3A0A,
  0x3A2B, 0x426B, 0x4ACA, 0x3A28, 0x29C9, 0x320A, 0x29C8, 0x3A4A, 0x5B6C, 0x5AC9, 0x6B0A, 0x6B0A,
  0x6B4B, 0x4AEA, 0x3AEB, 0x3B4A, 0x442B, 0x554C, 0x76AF, 0x4CAA, 0x1A66, 0x19C6, 0x1986, 0x1966,
  0x1966, 0x1986, 0x19A6, 0x2286, 0x658D, 0x4469, 0x2B68, 0x2307, 0x556C, 0x22E6, 0x2B27, 0x4C6A,
  0x6DAE, 0x2AA7, 0x19A6, 0x1986, 0x1966, 0x1966, 0x1986, 0x19C6, 0x2266, 0x448A, 0x76AF, 0x556C,
  0x444B, 0x432B, 0x42AB, 0x52CC, 0x5AEB, 0x52CA, 0x5ACA, 0x6B2B, 0x62EA, 0x4A69, 0x4249, 0x62CA,
  0x6B0B, 0x42AA, 0x42CB, 0x3209, 0x428A, 0x532C, 0x534D, 0x3A4A, 0x1905, 0x0884, 0x0883, 0x0884,
  0x0042, 0x0020, 0x1905, 0x320A, 0x29A8, 0x0883, 0x08A4, 0x10A5, 0x0021, 0x0000, 0x0000, 0x3A28,
  0x4ACC, 0x29A9, 0x10A5, 0x08A4, 0x0000, 0x0000, 0x3229, 0x4B4F, 0x1947, 0x0023, 0x0023, 0x0043,
  0x0044, 0x0043, 0x0044, 0x0043, 0x1947, 0x5370, 0x3A49, 0x0000, 0x0884, 0x10A4, 0x10A4, 0x31E8,
  0x428B, 0x426A, 0x2965, 0x0000, 0x0000, 0x0020, 0x0842, 0x0021, 0x0842, 0x0883, 0x0000, 0x1906,
  0x2167, 0x2146, 0x29A8, 0x2987, 0x320A, 0x31E9, 0x2125, 0x3A0A, 0x3A2A, 0x3A2A, 0x4AEB, 0x63AC,
  0x31E7, 0x320A, 0x31E9, 0x320A, 0x4ACB, 0x636B, 0x6B0A, 0x7B6B, 0x8C0D, 0x944E, 0x73CC, 0x4BAB,
  0x4C8B, 0x5DED, 0x768F, 0x53E9, 0x2246, 0x19C6, 0x19A6, 0x1986, 0x1986, 0x1986, 0x19A6, 0x19E6,
  0x2AE7, 0x4CAA, 0x54EC, 0x4C8A, 0x662D, 0x446A, 0x54AB, 0x54CB, 0x3348, 0x19E6, 0x19A5, 0x1986,
  0x1986, 0x1986, 0x19A6, 0x19C6, 0x2246, 0x4BA8, 0x766F, 0x660E, 0x446B, 0x4BAB, 0x7BED, 0x9C8F,
  0x8C4F, 0x5AEB, 0x632C, 0x7BAD, 0x736C, 0x52CA, 0x31E8, 0x5268, 0x6B2B, 0x3A29, 0x29A8, 0x1926,
  0x3A29, 0x31E8, 0x2146, 0x08A5, 0x08A5, 0x2125, 0x31A6, 0x0021, 0x0000, 0x0862, 0x29A8, 0x3A0A,
  0x1926, 0x0883, 0x0863, 0x0863, 0x0000, 0x0000, 0x0000, 0x428A, 0x3A6B, 0x2988, 0x0884, 0x0883,
  0x0000, 0x0000, 0x3A29, 0x4B2F, 0x1947, 0x0023, 0x0023, 0x0043, 0x0043, 0x0044, 0x0044, 0x0023,
  0x1947, 0x536F, 0x3A6A, 0x0863, 0x10A4, 0x0021, 0x0000, 0x10C4, 0x3209, 0x5B2D, 0x4AAA, 0x0861,
  0x0000, 0x0000, 0x0000, 0x0000, 0x0862, 0x1084, 0x0042, 0x2147, 0x31EA, 0x2167, 0x29C9, 0x2167,
  0x320A, 0x3A0A, 0x2167, 0x2987, 0x3A2A, 0x3A0A, 0x5B2C, 0x6BED, 0x4AA9, 0x29A8, 0x3A6B, 0x4ACB,
  0x52AA, 0x6B2B, 0x7B6B, 0x8BCC, 0x940D, 0xACCF, 0xACEF, 0x6C2C, 0x4CCB, 0x6E6F, 0x8DCD, 0x9B67,
  0x5A86, 0x2226, 0x19E6, 0x19E6, 0x19E6, 0x19E6, 0x19E6, 0x1A06, 0x1A26, 0x1A66, 0x3368, 0x440A,
  0x5D6C, 0x440A, 0x3368, 0x2267, 0x1A26, 0x1A06, 0x19E6, 0x19E6, 0x19E6, 0x19E6, 0x19E6, 0x2206,
  0x5A87, 0x9B68, 0x8DCD, 0x6E8F, 0x4CAB, 0x642B, 0x9CCE, 0x7BCD, 0x52EB, 0x6B4C, 0x6B4C, 0x5AEB,
  0x6B4C, 0x5B2C, 0x2167, 0x4A07, 0x6B2B, 0x39E7, 0x18E5, 0x18E6, 0x29A8, 0x31C8, 0x1926, 0x0884,
  0x10A5, 0x2986, 0x4249, 0x0000, 0x0000, 0x18E4, 0x320A, 0x2988, 0x10C5, 0x0884, 0x0000, 0x0000,
  0x0000, 0x0000, 0x18C3, 0x530C, 0x3A4A, 0x1927, 0x0863, 0x0862, 0x0000, 0x0000, 0x3A49, 0x4B2F,
  0x1127, 0x0024, 0x0023, 0x0044, 0x0043, 0x0843, 0x0043, 0x0023, 0x1927, 0x536F, 0x428A, 0x0883,
  0x0021, 0x0000, 0x0000, 0x0842, 0x10A5, 0x29A8, 0x5B2D, 0x39E7, 0x0020, 0x0000, 0x0000, 0x0000,
  0x0021, 0x0883, 0x0863, 0x2168, 0x31EA, 0x29A8, 0x29A8, 0x10C4, 0x29A8, 0x3A2A, 0x29A8, 0x10C4,
  0x2987, 0x3A0A, 0x426A, 0x636C, 0x638C, 0x3A28, 0x426A, 0x632B, 0x5AA9, 0x62C9, 0x7B8C, 0x8BCD,
  0x8BED, 0x9C6E, 0xB510, 0x7C2C, 0x4CCB, 0x7EF0, 0x754C, 0x8BE8, 0x6387, 0x3348, 0x2B48, 0x2B28,
  0x2B28, 0x2B28, 0x2B28, 0x2B28, 0x2B28, 0x2B28, 0x2B68, 0x2B88, 0x33C9, 0x2B68, 0x2B68, 0x2B48,
  0x2B28, 0x2B28, 0x2B28, 0x2B28, 0x2B28, 0x2B48, 0x2B48, 0x3348, 0x6BA8, 0x9409, 0x754B, 0x7EF0,
  0x4CEC, 0x4BAA, 0x5B6B, 0x4AAA, 0x8C2E, 0xACCF, 0xACCF, 0x83CD, 0x52AA, 0x5B4C, 0x2187, 0x39C7,
  0x6B2B, 0x5269, 0x2987, 0x10C5, 0x10C4, 0x10C4, 0x0862, 0x0022, 0x0883, 0x2966, 0x4229, 0x0000,
  0x0021, 0x2967, 0x31C9, 0x18E6, 0x10A5, 0x0863, 0x0000, 0x0000, 0x0000, 0x0000, 0x31E7, 0x5B2D,
  0x320A, 0x08A4, 0x0042, 0x0021, 0x0000, 0x0000, 0x3A4A, 0x4B2F, 0x1127, 0x0044, 0x0044, 0x0044,
  0x0043, 0x0843, 0x0043, 0x0043, 0x1927, 0x534F, 0x428B, 0x0000, 0x0000, 0x0000, 0x0000, 0x0000,
  0x0863, 0x10A5, 0x4AAB, 0x52CB, 0x1082, 0x0000, 0x0000, 0x0000, 0x0021, 0x0884, 0x0884, 0x29C9,
  0x31EA, 0x29A8, 0x2988, 0x18E4, 0x18E5, 0x320A, 0x3A0A, 0x1905, 0x0883, 0x29A8, 0x3A2A, 0x52EB,
  0x6BAC, 0x52EA, 0x5268, 0x5AA9, 0x5AA9, 0x62EA, 0x838C, 0x8BCD, 0x9C4E, 0x942E, 0x9C6E, 0x73AC,
  0x4C2B, 0x7EB0, 0x86F1, 0x76D0, 0x6EAF, 0x6E8F, 0x766F, 0x766F, 0x768F, 0x6E8F, 0x6E6F, 0x6E6F,
  0x6E8F, 0x6E8F, 0x76AF, 0x76B0, 0x76B0, 0x76AF, 0x76AF, 0x7690, 0x6E6F, 0x6E6F, 0x6E8F, 0x7690,
  0x768F, 0x768F, 0x6E8F, 0x768F, 0x76AF, 0x76D0, 0x7EF0, 0x7EB0, 0x4C2B, 0x3AEA, 0x4ACB, 0x8C2E,
  0xB50F, 0xBD0F, 0xB4EF, 0x8C0D, 0x62EA, 0x5B4C, 0x2187, 0x10A3, 0x732B, 0x734B, 0x528A, 0x31EA,
  0x29C9, 0x2988, 0x1926, 0x10A4, 0x10A3, 0x4AAA, 0x3A29, 0x0843, 0x0883, 0x1906, 0x10C5, 0x10A5,
  0x0884, 0x0000, 0x0000, 0x0000, 0x0000, 0x10A2, 0x428A, 0x4ACC, 0x31EA, 0x10C5, 0x0000, 0x0000,
  0x0000, 0x0000, 0x3A6A, 0x4B2E, 0x1106, 0x0044, 0x0044, 0x0044, 0x0043, 0x0043, 0x0043, 0x0023,
  0x1127, 0x534F, 0x428A, 0x0000, 0x0000, 0x0000, 0x0000, 0x0000, 0x0021, 0x10A4, 0x2987, 0x5B2D,
  0x2124, 0x0000, 0x0000, 0x0000, 0x0021, 0x0842, 0x0884, 0x2988, 0x320A, 0x29C8, 0x29C9, 0x2987,
  0x0883, 0x2167, 0x31EA, 0x1925, 0x0042, 0x10C4, 0x29A8, 0x3A29, 0x638C, 0x6BAC, 0x52A9, 0x5AA9,
  0x6AEA, 0x8BCD, 0x8C0D, 0x8BED, 0x9C4E, 0xACCF, 0x83CD, 0x4AEA, 0x3B2B, 0x43AB, 0x440B, 0x64AE,
  0x9593, 0x7D10, 0x8551, 0x8D52, 0x8531, 0x8D72, 0x7510, 0x7D31, 0x7D31, 0x7D31, 0x8D92, 0x7510,
  0x8D92, 0x8D92, 0x64AE, 0x4C2C, 0x648E, 0x6CAF, 0x4C0C, 0x7D10, 0x9593, 0x6CAE, 0x440B, 0x7510,
  0x8D72, 0x7D31, 0x440B, 0x3BAB, 0x3B0B, 0x42AB, 0x7BAD, 0xB510, 0xB4CF, 0xA46E, 0x942D, 0x9C4E,
  0x7BAD, 0x638D, 0x1926, 0x0862, 0x732B, 0x7B6B, 0x630B, 0x424A, 0x3A0A, 0x320A, 0x31E9, 0x29A9,
  0x2987, 0x530C, 0x2187, 0x0863, 0x0863, 0x0842, 0x0843, 0x0842, 0x0000, 0x0000, 0x0000, 0x0000,
  0x0000, 0x2966, 0x428A, 0x31E9, 0x29C9, 0x10E6, 0x0000, 0x0000, 0x0000, 0x0000, 0x3A4A, 0x4B0E,
  0x1106, 0x0044, 0x0044, 0x0043, 0x0844, 0x0043, 0x0043, 0x0023, 0x1106, 0x4B4F, 0x428B, 0x0000,
  0x0000, 0x0000, 0x0000, 0x0000, 0x0000, 0x10A4, 0x10E5, 0x52EC, 0x31C7, 0x0000, 0x0000, 0x0000,
  0x0000, 0x0042, 0x08A4, 0x1906, 0x29C9, 0x29C9, 0x2187, 0x31E9, 0x10A4, 0x10A5, 0x2988, 0x1925,
  0x0884, 0x0863, 0x10C5, 0x29C8, 0x4ACB, 0x6BAC, 0x5AEA, 0x5AC9, 0x732B, 0x8BED, 0x942E, 0x7BAC,
  0x83AC, 0x942E, 0xACAF, 0x8C2E, 0x52EB, 0x3AAB, 0x3ACB, 0x6BEF, 0xCEBA, 0x9D54, 0xCE99, 0xD6DB,
  0xC658, 0xCEBA, 0xC679, 0xBE38, 0xBE38, 0xBE38, 0xCE99, 0x84B1, 0xADD6, 0xB5F7, 0x7C50, 0x5B6D,
  0x9513, 0xA575, 0x430B, 0x9513, 0xC699, 0x94F3, 0x9D34, 0x84B2, 0xBE38, 0xA596, 0x3ACA, 0x3ACB,
  0x3A8B, 0x428B, 0x8C0E, 0xA48E, 0x83AC, 0x7B4B, 0x9C4D, 0xB510, 0x8C0E, 0x6BAE, 0x08A4, 0x0862,
  0x734B, 0x838C, 0x62CA, 0x5269, 0x4229, 0x4229, 0x31E9, 0x29A8, 0x29A8, 0x52EC, 0x1906, 0x0884,
  0x0884, 0x10A4, 0x1905, 0x10A4, 0x0863, 0x0843, 0x0863, 0x0883, 0x0863, 0x31E8, 0x4AAB, 0x1905,
  0x2147, 0x10E6, 0x0863, 0x0000, 0x0000, 0x0000, 0x3A4A, 0x42ED, 0x10E6, 0x0043, 0x0044, 0x0044,
  0x0843, 0x0044, 0x0043, 0x0023, 0x1106, 0x4B2F, 0x428B, 0x0000, 0x0000, 0x0000, 0x0000, 0x0000,
  0x0000, 0x0884, 0x10C5, 0x3A2A, 0x5B0C, 0x0020, 0x0000, 0x0000, 0x0000, 0x0863, 0x10A4, 0x10A5,
  0x1906, 0x29C9, 0x1906, 0x31E9, 0x1925, 0x0863, 0x1906, 0x10C4, 0x0863, 0x0884, 0x0842, 0x18E5,
  0x4229, 0x630B, 0x62EA, 0x62CA, 0x5AA9, 0x632B, 0x6B4B, 0x632B, 0x630A, 0x6B2A, 0x8C0D, 0xACAF,
  0x944E, 0x52CB, 0x3A6B, 0x42AC, 0xC659, 0x94B3, 0xBE18, 0xC679, 0xBE18, 0xBE18, 0xC659, 0xC659,
  0xCE79, 0xC659, 0xC638, 0x7C31, 0x9CF4, 0xA555, 0x7410, 0x5B4E, 0x94F3, 0xBE18, 0x8472, 0xC638,
  0xAD76, 0x7410, 0x7C10, 0x6BAF, 0xC639, 0x636E, 0x3A6A, 0x3A6B, 0x426A, 0x4AAB, 0x7B8D, 0x944E,
  0x9C6E, 0xA46E, 0xB4EF, 0xB4F0, 0x83ED, 0x636D, 0x0883, 0x0863, 0x4A07, 0x6AEA, 0x5A89, 0x4A49,
  0x3A29, 0x3A09, 0x31E9, 0x29C9, 0x29A8, 0x4ACC, 0x1926, 0x08A4, 0x10A5, 0x2167, 0x2147, 0x10C5,
  0x08A4, 0x1906, 0x10E5, 0x10A5, 0x10C4, 0x4ACB, 0x428A, 0x0000, 0x10C4, 0x10C5, 0x08A4, 0x0021,
  0x0000, 0x0000, 0x3A6A, 0x42EE, 0x10E6, 0x0044, 0x0044, 0x0043, 0x0043, 0x0044, 0x0043, 0x0023,
  0x10E6, 0x4B0E, 0x428B, 0x0000, 0x0000, 0x0000, 0x0000, 0x0000, 0x0020, 0x0884, 0x1947, 0x2167,
  0x638E, 0x2986, 0x0000, 0x0000, 0x0000, 0x0842, 0x0863, 0x10A4, 0x10E5, 0x29A8, 0x1906, 0x2126,
  0x2967, 0x0021, 0x0842, 0x0041, 0x0022, 0x0862, 0x0862, 0x10A3, 0x3A08, 0x62EA, 0x5269, 0x39A7,
  0x3A29, 0x638D, 0x63CD, 0x6BED, 0x740E, 0x6BCC, 0x73CD, 0x73AC, 0x942D, 0x9C6E, 0x632C, 0x52EC,
  0x8451, 0x636E, 0x73CF, 0x7C10, 0x7C10, 0x6BCF, 0x73F0, 0x8C92, 0x8CB3, 0x7C11, 0x9CF4, 0x7C11,
  0x6B8F, 0x6BAF, 0x4AEC, 0x42AC, 0x636E, 0x94F4, 0x8C92, 0x94D3, 0x94B3, 0x636E, 0x3A4A, 0x4ACC,
  0x7C10, 0x426B, 0x5B0C, 0x8C0E, 0x8C0D, 0x8BED, 0xACCF, 0xA48F, 0xA48E, 0xB4EF, 0x9C6E, 0x83AC,
  0x6B4B, 0x5B4D, 0x0884, 0x08A4, 0x3166, 0x5AA9, 0x4A49, 0x39E9, 0x31E9, 0x320A, 0x31E9, 0x3A09,
  0x2987, 0x4ACB, 0x1906, 0x08A4, 0x10A5, 0x18E6, 0x10C5, 0x10C5, 0x2126, 0x29A9, 0x2168, 0x10C5,
  0x18E5, 0x5B4D, 0x3209, 0x0001, 0x0000, 0x0021, 0x0041, 0x0000, 0x0000, 0x0000, 0x3A6A, 0x42EE,
  0x10E6, 0x0044, 0x0043, 0x0043, 0x0044, 0x0044, 0x0044, 0x0044, 0x08E6, 0x4B0E, 0x428B, 0x0000,
  0x0000, 0x0000, 0x0000, 0x0000, 0x0021, 0x0884, 0x1926, 0x2188, 0x5B2D, 0x4269, 0x0000, 0x0000,
  0x0000, 0x0021, 0x0021, 0x0883, 0x10A5, 0x1926, 0x1905, 0x10A4, 0x2126, 0x0021, 0x0021, 0x10A4,
  0x2146, 0x2967, 0x29A8, 0x29A8, 0x3A09, 0x39C7, 0x2167, 0x2188, 0x29C9, 0x31E9, 0x324A, 0x3A8A,
  0x532C, 0x638D, 0x63CC, 0x740D, 0x634B, 0x9C6E, 0xA4AF, 0xA4AF, 0x83EE, 0x52AB, 0x3A2A, 0x3A2A,
  0x3A2A, 0x3A4A, 0x3A4A, 0x322A, 0x428B, 0x52CB, 0x4AAB, 0x3A4B, 0x3A4B, 0x3A2A, 0x3A4B, 0x3A4A,
  0x3A4A, 0x5B0C, 0x4AAB, 0x322A, 0x320A, 0x3A2A, 0x3A4A, 0x3A2A, 0x322A, 0x4A8B, 0x8C2E, 0xB4EF,
  0xA48E, 0xA46E, 0x940D, 0x62E9, 0x734B, 0x940D, 0x8BCC, 0x83CC, 0x736C, 0x530C, 0x0884, 0x08A4,
  0x2945, 0x4A49, 0x29A8, 0x31E9, 0x31E9, 0x31C8, 0x424A, 0x426A, 0x2146, 0x4ACB, 0x1905, 0x0863,
  0x08A5, 0x10E6, 0x1906, 0x1927, 0x2988, 0x1926, 0x10A4, 0x08A4, 0x1905, 0x532C, 0x29A8, 0x0042,
  0x0000, 0x0000, 0x0000, 0x0000, 0x0000, 0x0000, 0x3A6B, 0x42EE, 0x08E6, 0x0044, 0x0043, 0x0023,
  0x0044, 0x0043, 0x0044, 0x0044, 0x08C5, 0x430E, 0x428B, 0x0000, 0x0000, 0x0000, 0x0000, 0x0000,
  0x0021, 0x0863, 0x10C5, 0x29C9, 0x426B, 0x530C, 0x18E3, 0x0000, 0x0000, 0x0000, 0x0000, 0x0000,
  0x0042, 0x0884, 0x0883, 0x0863, 0x0863, 0x0863, 0x10E5, 0x2167, 0x31C9, 0x3A0A, 0x3A0A, 0x31E9,
  0x2987, 0x1906, 0x29A8, 0x31E9, 0x29E9, 0x3229, 0x42AB, 0x4B0B, 0x4ACB, 0x3208, 0x31E7, 0x4AAA,
  0x634B, 0x6B2A, 0x8C0D, 0x9C6E, 0xACCF, 0x944E, 0x52AB, 0x3A2A, 0x3A2A, 0x3A2A, 0x52AB, 0x7BAD,
  0x942E, 0x9C6F, 0x9C6F, 0x734C, 0x424A, 0x3A4B, 0x3A4B, 0x3A4B, 0x5AEC, 0x73AD, 0x52AB, 0x3A2A,
  0x320A, 0x3A2A, 0x736C, 0x942E, 0x83CD, 0x5ACB, 0x736C, 0x942D, 0x9C4E, 0x83AC, 0x7B8C, 0x734B,
  0x6B0A, 0x734B, 0x83CD, 0x736C, 0x636D, 0x426B, 0x10A5, 0x0884, 0x18C4, 0x31A7, 0x29A9, 0x29A9,
  0x2168, 0x2987, 0x3A4A, 0x1905, 0x2986, 0x5B4D, 0x1905, 0x0863, 0x10C5, 0x1906, 0x1906, 0x10E5,
  0x1906, 0x1906, 0x2147, 0x2988, 0x29C8, 0x5B2D, 0x31C9, 0x10A4, 0x0021, 0x0000, 0x0000, 0x0000,
  0x0000, 0x0000, 0x3A6B, 0x42EE, 0x08E6, 0x0044, 0x0044, 0x0023, 0x0043, 0x0023, 0x0043, 0x0043,
  0x08C5, 0x42EE, 0x3A8B, 0x0000, 0x0000, 0x0000, 0x0000, 0x0000, 0x0042, 0x0884, 0x0863, 0x2167,
  0x3209, 0x530C, 0x3A08, 0x0000, 0x0000, 0x0041, 0x0883, 0x0041, 0x0000, 0x0021, 0x0042, 0x0862,
  0x10C4, 0x1926, 0x2167, 0x31C8, 0x5289, 0x424A, 0x3A0A, 0x2167, 0x10A4, 0x0884, 0x2146, 0x320A,
  0x3A0A, 0x320A, 0x322A, 0x3229, 0x1945, 0x08A4, 0x1925, 0x4269, 0x638C, 0x5B0A, 0x6B2B, 0x7B8C,
  0x9C4D, 0xACEF, 0x736C, 0x3A2A, 0x424A, 0x52CB, 0x8C0E, 0xACCF, 0xA46E, 0x940D, 0xA48E, 0xACCF,
  0x83AD, 0x3A2A, 0x3A2A, 0x320A, 0x3A0A, 0x3A2A, 0x320A, 0x52AB, 0x7BAE, 0x83EE, 0xACCF, 0xBD10,
  0xACAF, 0x83CD, 0x942E, 0x9C4E, 0x630A, 0x4A6A, 0x630B, 0x7B6C, 0x7B6B, 0x734B, 0x6B2B, 0x636D,
  0x4ACB, 0x31C9, 0x10C5, 0x0863, 0x0884, 0x1905, 0x2147, 0x1906, 0x10E6, 0x18E6, 0x1926, 0x1927,
  0x4ACB, 0x532D, 0x1905, 0x18E5, 0x29A8, 0x29C9, 0x29A9, 0x2968, 0x2147, 0x2167, 0x2147, 0x1906,
  0x2167, 0x530D, 0x320A, 0x1906, 0x0042, 0x0000, 0x0000, 0x0000, 0x0000, 0x0000, 0x3A6A, 0x42ED,
  0x08C6, 0x0044, 0x0043, 0x0023, 0x0023, 0x0023, 0x0043, 0x0023, 0x08C5, 0x42CE, 0x3A8B, 0x0000,
  0x0000, 0x0000, 0x0000, 0x0000, 0x0021, 0x0884, 0x0863, 0x10E6, 0x29EA, 0x4AEC, 0x4A8A, 0x0020,
  0x0842, 0x2146, 0x31E9, 0x31E9, 0x2146, 0x0883, 0x0884, 0x10E5, 0x2187, 0x29A8, 0x31C9, 0x4209,
  0x5AAA, 0x5AAA, 0x4229, 0x18E4, 0x0883, 0x0042, 0x0863, 0x10E4, 0x1905, 0x1926, 0x2167, 0x10E5,
  0x08A4, 0x29C7, 0x4AEB, 0x534C, 0x5B8C, 0x636C, 0x5ACA, 0x734B, 0x8BED, 0xACAF, 0x8BED, 0x52CB,
  0x8C0E, 0xA4B0, 0x940D, 0x7B4B, 0x8BED, 0x8BCD, 0x7B6B, 0x9C4D, 0x942D, 0x3A0A, 0x320A, 0x3A0A,
  0x320A, 0x3A0A, 0x734C, 0xA48F, 0x944F, 0x6B2B, 0xA48E, 0xACAF, 0x940D, 0x9C4E, 0x9C4E, 0x734B,
  0x5AAA, 0x3A09, 0x424A, 0x528A, 0x62EA, 0x62CA, 0x52AA, 0x6BCF, 0x3A29, 0x29A9, 0x18E5, 0x0863,
  0x0884, 0x10E5, 0x2147, 0x2168, 0x31C9, 0x31EA, 0x31EA, 0x31EA, 0x530C, 0x4A8B, 0x1905, 0x08A3,
  0x2167, 0x2988, 0x2988, 0x2167, 0x2147, 0x10C5, 0x2147, 0x2168, 0x1926, 0x428B, 0x29C9, 0x1906,
  0x0863, 0x0000, 0x0000, 0x0000, 0x0000, 0x0000, 0x3A6B, 0x3ACD, 0x08C5, 0x0044, 0x0023, 0x0023,
  0x0023, 0x0023, 0x0043, 0x0043, 0x08C5, 0x42CE, 0x3A6B, 0x0000, 0x0000, 0x0000, 0x0000, 0x0000,
  0x0000, 0x0042, 0x0884, 0x08A4, 0x2167, 0x3A4A, 0x426A, 0x29A7, 0x0041, 0x0042, 0x18E5, 0x31E9,
  0x426A, 0x1925, 0x2147, 0x2988, 0x2188, 0x2166, 0x3A09, 0x31A8, 0x3A09, 0x528A, 0x5268, 0x18E3,
  0x08A4, 0x0884, 0x0042, 0x0863, 0x08A4, 0x08A5, 0x2167, 0x29A8, 0x10C4, 0x2146, 0x31E9, 0x322A,
  0x42AB, 0x63AD, 0x5B2B, 0x62EA, 0x7B6B, 0x940D, 0xACAF, 0x83AD, 0x6B2A, 0x8BEC, 0xA46E, 0x940D,
  0x83AC, 0x8BED, 0x9C4D, 0x940D, 0x736C, 0x320A, 0x320A, 0x3A0A, 0x3A0A, 0x4A8B, 0x9C6F, 0xA46E,
  0x6B2A, 0x5AEA, 0x838C, 0x8BCC, 0x942D, 0x8BED, 0x6B2A, 0x5ACA, 0x4A6A, 0x424A, 0x3A2A, 0x31C9,
  0x29A8, 0x31C9, 0x4A8A, 0x5B4D, 0x52EC, 0x10E5, 0x0863, 0x0042, 0x08A4, 0x2167, 0x31C9, 0x31C9,
  0x29C8, 0x31E9, 0x31EA, 0x320A, 0x52EC, 0x424A, 0x1905, 0x0022, 0x1926, 0x2988, 0x29A8, 0x31A8,
  0x2147, 0x18E5, 0x1906, 0x10E6, 0x1925, 0x4A8B, 0x2168, 0x1906, 0x0042, 0x0000, 0x0000, 0x0000,
  0x0000, 0x0000, 0x3A6B, 0x3ACD, 0x08C5, 0x0044, 0x0023, 0x0023, 0x0023, 0x0023, 0x0044, 0x0044,
  0x08C5, 0x42CD, 0x3A8B, 0x0000, 0x0000, 0x0000, 0x0000, 0x0000, 0x0000, 0x0000, 0x0042, 0x08A4,
  0x10E5, 0x29C9, 0x3209, 0x426A, 0x3208, 0x0000, 0x0000, 0x0883, 0x2987, 0x29A8, 0x31EA, 0x31E9,
  0x1926, 0x10C4, 0x31C8, 0x31C8, 0x2167, 0x39C8, 0x4207, 0x18C2, 0x10A4, 0x10A5, 0x0883, 0x0022,
  0x0863, 0x08A4, 0x10C5, 0x29A8, 0x10E5, 0x2126, 0x2167, 0x29A8, 0x320A, 0x4ACB, 0x532C, 0x52A9,
  0x62C9, 0x6B0A, 0x8BCC, 0x83AC, 0x62C9, 0x5AA9, 0x734B, 0x8BCC, 0x9C4E, 0x940D, 0x9C2D, 0xACAF,
  0x942E, 0x736D, 0x7B8D, 0x424A, 0x3A0A, 0x4A8B, 0x83AD, 0x83AC, 0x632B, 0x5B2C, 0x6B2B, 0x7B8C,
  0x734B, 0x62C9, 0x62EA, 0x52AA, 0x424A, 0x3A09, 0x29A8, 0x2967, 0x31C9, 0x31E9, 0x4A6A, 0x4ACB,
  0x4AAC, 0x2166, 0x0021, 0x0863, 0x2126, 0x4ACC, 0x4AED, 0x42AB, 0x52CC, 0x424A, 0x3A4B, 0x3209,
  0x52EC, 0x3A2A, 0x2167, 0x0863, 0x10A4, 0x10E5, 0x31E8, 0x31E7, 0x18E5, 0x3A09, 0x2986, 0x0884,
  0x2166, 0x530D, 0x1907, 0x10C5, 0x0022, 0x0000, 0x0000, 0x0000, 0x0000, 0x0000, 0x3A6B, 0x3ACD,
  0x08A5, 0x0023, 0x0023, 0x0023, 0x0023, 0x0023, 0x0044, 0x0044, 0x08A5, 0x42CD, 0x3A8B, 0x0020,
  0x0000, 0x0000, 0x0000, 0x0000, 0x0000, 0x0000, 0x0000, 0x0021, 0x08A4, 0x1946, 0x1925, 0x29C8,
  0x5B0D, 0x10A3, 0x0884, 0x08A4, 0x2167, 0x29E9, 0x320A, 0x320A, 0x29C9, 0x31C9, 0x31E9, 0x31E9,
  0x29A9, 0x2167, 0x18C4, 0x0841, 0x10A5, 0x10A5, 0x0863, 0x0001, 0x0863, 0x0884, 0x10A5, 0x1906,
  0x0863, 0x10A4, 0x2147, 0x3A2A, 0x3A2A, 0x31E9, 0x29A8, 0x4207, 0x5AA9, 0x5AA9, 0x62C9, 0x736B,
  0x6B2B, 0x5AA9, 0x5AA9, 0x5AC9, 0x734B, 0x732B, 0x6B2B, 0x83AC, 0x736B, 0x7B6C, 0x83CD, 0x5ACB,
  0x52CB, 0x5AEB, 0x630B, 0x6B2B, 0x5B2C, 0x52EB, 0x4207, 0x62C9, 0x5AA9, 0x5AA9, 0x5AAA, 0x4229,
  0x2988, 0x2988, 0x29A8, 0x31E9, 0x31E9, 0x2987, 0x4249, 0x4AAA, 0x31E9, 0x31C8, 0x0000, 0x0863,
  0x18E5, 0x3209, 0x31E8, 0x29A7, 0x5B4D, 0x3A09, 0x29A8, 0x29A8, 0x52EC, 0x3A2A, 0x2988, 0x0883,
  0x0863, 0x0884, 0x3A29, 0x3A08, 0x10E5, 0x3A4A, 0x2167, 0x0863, 0x31E8, 0x4AED, 0x10C5, 0x0883,
  0x0862, 0x0042, 0x0000, 0x0000, 0x0000, 0x0000, 0x3A6B, 0x3AAD, 0x08A5, 0x0043, 0x0043, 0x0023,
  0x0023, 0x0023, 0x0044, 0x0044, 0x08A5, 0x3ACD, 0x3A8B, 0x0020, 0x0000, 0x0000, 0x0000, 0x0000,
  0x0000, 0x0000, 0x0000, 0x0021, 0x0843, 0x0884, 0x0863, 0x2168, 0x4ACC, 0x29A8, 0x2188, 0x2188,
  0x29A9, 0x31EA, 0x29C9, 0x426A, 0x3A2A, 0x31E9, 0x31C9, 0x2988, 0x1906, 0x10A4, 0x0042, 0x0000,
  0x0863, 0x0863, 0x0842, 0x0863, 0x0863, 0x0884, 0x0884, 0x08A4, 0x0883, 0x0021, 0x0883, 0x1926,
  0x3209, 0x31E9, 0x10C4, 0x39E7, 0x5289, 0x52CA, 0x5AA9, 0x5AC9, 0x5AA9, 0x52A9, 0x5AA9, 0x5AA9,
  0x5A89, 0x5A89, 0x5AAA, 0x5AAA, 0x528A, 0x5289, 0x5289, 0x4A8A, 0x4A6A, 0x4A6A, 0x424A, 0x4229,
  0x636D, 0x2986, 0x3186, 0x5268, 0x5269, 0x5269, 0x3A09, 0x31C9, 0x31E9, 0x320A, 0x29C9, 0x2167,
  0x18E5, 0x2988, 0x4A8A, 0x4289, 0x31C8, 0x31E9, 0x0000, 0x0863, 0x0884, 0x2987, 0x4249, 0x31E9,
  0x5B4D, 0x31C7, 0x29C8, 0x31C8, 0x52CB, 0x31E9, 0x2147, 0x0843, 0x0843, 0x0883, 0x3A4A, 0x3A09,
  0x10A4, 0x3A4A, 0x2146, 0x0843, 0x4AAB, 0x3A2A, 0x10A4, 0x0863, 0x0884, 0x0842, 0x0000, 0x0000,
  0x0000, 0x0000, 0x3A8B, 0x3ACD, 0x08A5, 0x0044, 0x0044, 0x0043, 0x0023, 0x0023, 0x0044, 0x0044,
  0x0884, 0x3AAD, 0x3A8B, 0x0020, 0x0000, 0x0000, 0x0000, 0x0000, 0x0000, 0x0000, 0x0000, 0x0021,
  0x0843, 0x0863, 0x0042, 0x1927, 0x52ED, 0x4A8A, 0x10A5, 0x1927, 0x2147, 0x2147, 0x1905, 0x3A29,
  0x4AAC, 0x31E8, 0x18E6, 0x10C5, 0x0883, 0x0021, 0x0000, 0x0000, 0x0000, 0x0000, 0x0000, 0x0021,
  0x0842, 0x0883, 0x10A5, 0x10A5, 0x10A4, 0x0021, 0x0001, 0x0022, 0x0021, 0x0883, 0x2167, 0x29A8,
  0x4AAA, 0x634D, 0x52AA, 0x4A6A, 0x4A6A, 0x3A4A, 0x3A2A, 0x3A0A, 0x39E9, 0x39C8, 0x3A09, 0x31E9,
  0x3A2A, 0x426B, 0x4A6A, 0x426A, 0x424A, 0x3A2A, 0x320A, 0x31E8, 0x638E, 0x18E4, 0x18E4, 0x4208,
  0x31A8, 0x29A8, 0x2167, 0x2988, 0x2167, 0x2146, 0x10E5, 0x1906, 0x2988, 0x31C9, 0x428A, 0x428A,
  0x3A2A, 0x29C8, 0x0021, 0x0843, 0x0863, 0x2987, 0x52CC, 0x2966, 0x530D, 0x2987, 0x0864, 0x0884,
  0x4ACB, 0x29A8, 0x1905, 0x0021, 0x0863, 0x10A4, 0x3A2A, 0x29A8, 0x18E5, 0x3A2A, 0x2126, 0x0863,
  0x4AAB, 0x2967, 0x0863, 0x0883, 0x10A4, 0x0021, 0x0000, 0x0000, 0x0000, 0x0020, 0x3A8C, 0x3ACD,
  0x08A5, 0x0044, 0x0044, 0x0044, 0x0043, 0x0043, 0x0024, 0x0044, 0x0884, 0x3AAD, 0x3AAC, 0x0041,
  0x0000, 0x0000, 0x0000, 0x0000, 0x0000, 0x0000, 0x0000, 0x0000, 0x0042, 0x0884, 0x0042, 0x10E5,
  0x3A4A, 0x4AAB, 0x18E5, 0x10A5, 0x0884, 0x0021, 0x0000, 0x0021, 0x2967, 0x2166, 0x0863, 0x08A5,
  0x0884, 0x0884, 0x0863, 0x0022, 0x0022, 0x0022, 0x0021, 0x0000, 0x0000, 0x0021, 0x0862, 0x0863,
  0x0863, 0x0042, 0x0022, 0x0863, 0x1906, 0x29A8, 0x31E9, 0x2126, 0x1905, 0x2966, 0x31C8, 0x3A4A,
  0x426B, 0x29C9, 0x2988, 0x29A9, 0x31C9, 0x2988, 0x29C9, 0x320A, 0x320A, 0x3A0A, 0x3A2A, 0x3A2A,
  0x320A, 0x320A, 0x31EA, 0x4ACB, 0x5B6D, 0x10A3, 0x0042, 0x31C9, 0x3A2A, 0x320A, 0x31E9, 0x322A,
  0x3A6B, 0x428B, 0x4ACC, 0x428C, 0x3A0A, 0x3A4A, 0x52EB, 0x4AAA, 0x3A4B, 0x2188, 0x0863, 0x0042,
  0x0842, 0x2125, 0x424A, 0x2987, 0x636E, 0x2166, 0x0863, 0x18E5, 0x530C, 0x31E9, 0x0863, 0x0000,
  0x0863, 0x1905, 0x3A2A, 0x2126, 0x2146, 0x31C9, 0x18E6, 0x1083, 0x4ACB, 0x2147, 0x0843, 0x08A4,
  0x08A4, 0x0000, 0x0000, 0x0000, 0x0000, 0x0021, 0x3AAC, 0x3AAD, 0x0885, 0x0044, 0x0044, 0x0044,
  0x0044, 0x0043, 0x0044, 0x0044, 0x0064, 0x3A8C, 0x42AC, 0x0861, 0x0000, 0x0000, 0x0000, 0x0000,
  0x0000, 0x0000, 0x0000, 0x0021, 0x0842, 0x0884, 0x0863, 0x0884, 0x29C9, 0x4AAB, 0x31E8, 0x10A5,
  0x0863, 0x0001, 0x0001, 0x0021, 0x0884, 0x0884, 0x08A4, 0x10A5, 0x10A5, 0x10A5, 0x08A4, 0x0884,
  0x08A4, 0x10A4, 0x08A4, 0x0884, 0x0884, 0x0884, 0x0883, 0x0883, 0x0884, 0x10A5, 0x1906, 0x2168,
  0x31C9, 0x31EA, 0x320A, 0x29C9, 0x2988, 0x29A8, 0x31E9, 0x322A, 0x29A8, 0x2967, 0x2988, 0x2988,
  0x29A8, 0x31C9, 0x320A, 0x320A, 0x320A, 0x320A, 0x3A0A, 0x322A, 0x3A2A, 0x3A2A, 0x31E9, 0x5B2C,
  0x52EC, 0x0883, 0x0842, 0x2987, 0x4ACD, 0x42AC, 0x42CC, 0x4ACC, 0x4ACC, 0x4AAB, 0x31E8, 0x29A7,
  0x31E9, 0x2126, 0x4269, 0x4ACB, 0x320A, 0x2147, 0x2146, 0x0001, 0x0842, 0x1905, 0x3A2A, 0x2987,
  0x636E, 0x18E5, 0x0043, 0x3A08, 0x6BCF, 0x2167, 0x0843, 0x0001, 0x0862, 0x2166, 0x3A4B, 0x10C5,
  0x29A8, 0x2968, 0x10C5, 0x2165, 0x532D, 0x1926, 0x0863, 0x10A4, 0x0884, 0x0000, 0x0000, 0x0000,
  0x0000, 0x0041, 0x3AAC, 0x3AAD, 0x0884, 0x0044, 0x0044, 0x0044, 0x0044, 0x0044, 0x0044, 0x0044,
  0x0064, 0x3A6C, 0x42CC, 0x10A2, 0x0000, 0x0000, 0x0000, 0x0000, 0x0000, 0x0000, 0x0000, 0x0000,
  0x0021, 0x0884, 0x0884, 0x0863, 0x2188, 0x3A6B, 0x4A8B, 0x2166, 0x10A4, 0x10A4, 0x10A5, 0x10A5,
  0x10A5, 0x10A5, 0x10C5, 0x10A5, 0x10A5, 0x10A5, 0x10A5, 0x10A5, 0x10A5, 0x10A5, 0x10A5, 0x10A5,
  0x10C5, 0x10E5, 0x10E5, 0x18E6, 0x1926, 0x29A9, 0x31EA, 0x31EA, 0x31EA, 0x31EA, 0x3A2A, 0x428C,
  0x4AED, 0x534F, 0x4B0D, 0x4ACD, 0x29C8, 0x2988, 0x29A8, 0x320A, 0x320A, 0x320A, 0x320A, 0x320A,
  0x320A, 0x320A, 0x322A, 0x3A2A, 0x3A4B, 0x428B, 0x3A4A, 0x5B0C, 0x31E8, 0x0883, 0x0042, 0x2987,
  0x4B0D, 0x3A4A, 0x2187, 0x10E4, 0x08A3, 0x1925, 0x424A, 0x426B, 0x424A, 0x18E5, 0x4269, 0x4ACB,
  0x322A, 0x426B, 0x31E9, 0x0000, 0x0883, 0x1925, 0x31E9, 0x2125, 0x634D, 0x10E5, 0x0043, 0x5B2C,
  0x4AEC, 0x10A4, 0x0863, 0x0042, 0x0883, 0x31C8, 0x31E9, 0x0863, 0x31C8, 0x2147, 0x10A4, 0x31C7,
  0x4ACC, 0x10E5, 0x0863, 0x10A5, 0x0863, 0x0000, 0x0000, 0x0000, 0x0000, 0x0882, 0x42CD, 0x3A8C,
  0x0864, 0x0044, 0x0044, 0x0044, 0x0044, 0x0044, 0x0044, 0x0044, 0x0064, 0x326B, 0x4AED, 0x10E3,
  0x0000, 0x0000, 0x0000, 0x0000, 0x0000, 0x0000, 0x0000, 0x0000, 0x0000, 0x0042, 0x0884, 0x0863,
  0x1926, 0x29C9, 0x320A, 0x3A4A, 0x2987, 0x08A5, 0x10A5, 0x10A5, 0x08A5, 0x10C5, 0x10C5, 0x10A5,
  0x10A5, 0x10A5, 0x10C5, 0x10C5, 0x10C5, 0x18E5, 0x18E5, 0x1926, 0x2188, 0x29A9, 0x29C9, 0x31C9,
  0x31C9, 0x29C9, 0x29A8, 0x3209, 0x426A, 0x3A29, 0x29E9, 0x29C9, 0x3209, 0x3A6B, 0x31E9, 0x2167,
  0x31E9, 0x3A2A, 0x3A4A, 0x3A4B, 0x3A2A, 0x426B, 0x42AC, 0x426B, 0x3A2A, 0x3A2A, 0x320A, 0x3A4B,
  0x4AAC, 0x52ED, 0x428B, 0x530C, 0x2986, 0x0862, 0x0042, 0x10E4, 0x2187, 0x10C4, 0x2125, 0x10A4,
  0x10A4, 0x31E8, 0x31E8, 0x2146, 0x29A8, 0x0883, 0x4ACA, 0x52EC, 0x320A, 0x3A2B, 0x2167, 0x0000,
  0x0863, 0x1905, 0x2167, 0x18E4, 0x5B0C, 0x10C5, 0x0043, 0x4AAB, 0x3A29, 0x0884, 0x0863, 0x0042,
  0x0842, 0x1905, 0x2967, 0x0021, 0x1905, 0x10C5, 0x0022, 0x39E8, 0x4AAB, 0x10C4, 0x0863, 0x08A4,
  0x0842, 0x0000, 0x0000, 0x0000, 0x0000, 0x10C3, 0x42ED, 0x3A8C, 0x0064, 0x0044, 0x0044, 0x0044,
  0x0043, 0x0043, 0x0044, 0x0024, 0x0044, 0x324B, 0x4B0D, 0x1904, 0x0000, 0x0000, 0x0000, 0x0000,
  0x0000, 0x0000, 0x0000, 0x0000, 0x0000, 0x0020, 0x0884, 0x0884, 0x0883, 0x1906, 0x10C5, 0x3A4A,
  0x428A, 0x08A4, 0x10C5, 0x10E5, 0x1906, 0x2167, 0x2147, 0x1927, 0x2147, 0x29A8, 0x31C9, 0x31C9,
  0x29C9, 0x31C9, 0x29A8, 0x29C9, 0x320A, 0x320A, 0x320A, 0x31E9, 0x2167, 0x10C5, 0x10C5, 0x3A4A,
  0x5B4D, 0x5B4D, 0x3A4A, 0x29A8, 0x29C9, 0x320A, 0x3209, 0x3A28, 0x29C8, 0x320A, 0x3A0A, 0x31EA,
  0x31E9, 0x426B, 0x4AAC, 0x3A2A, 0x2987, 0x31E9, 0x322A, 0x3A6B, 0x428B, 0x426B, 0x31E9, 0x52EB,
  0x29A8, 0x0883, 0x0042, 0x0042, 0x0063, 0x2166, 0x428A, 0x1925, 0x10C4, 0x424A, 0x31C8, 0x4229,
  0x426A, 0x10A3, 0x530C, 0x4AEC, 0x29C9, 0x29C9, 0x10C5, 0x0021, 0x0863, 0x10A4, 0x10C4, 0x1904,
  0x530C, 0x10C4, 0x0863, 0x2167, 0x1906, 0x0863, 0x0021, 0x0020, 0x0020, 0x10A3, 0x10C4, 0x0000,
  0x0021, 0x0022, 0x0000, 0x3A08, 0x31E8, 0x0863, 0x0883, 0x0021, 0x0000, 0x0000, 0x0000, 0x0000,
  0x0000, 0x10E4, 0x4AED, 0x326B, 0x0044, 0x0043, 0x0043, 0x0044, 0x0043, 0x0023, 0x0044, 0x0044,
  0x0043, 0x2A2B, 0x4B0E, 0x1904, 0x0000, 0x0000, 0x0000, 0x0000, 0x0000, 0x0000, 0x0000, 0x0000,
  0x0000, 0x0000, 0x0042, 0x10A4, 0x0883, 0x0863, 0x08A4, 0x2146, 0x4AAB, 0x10A4, 0x2146, 0x31E9,
  0x31E9, 0x29C9, 0x29C8, 0x31C9, 0x31E9, 0x320A, 0x320A, 0x320A, 0x320A, 0x320A, 0x31EA, 0x31C9,
  0x31E9, 0x320A, 0x320A, 0x2167, 0x0883, 0x0042, 0x0863, 0x2147, 0x3A2A, 0x4ACC, 0x5B2D, 0x52CC,
  0x320A, 0x322A, 0x29C9, 0x42AA, 0x29C8, 0x3A0A, 0x31C9, 0x2988, 0x29A9, 0x31EA, 0x320A, 0x31E9,
  0x3A49, 0x4AAB, 0x4AEC, 0x3A2A, 0x3209, 0x31C8, 0x1905, 0x52EB, 0x31C8, 0x10C4, 0x0862, 0x0862,
  0x0884, 0x31C8, 0x530D, 0x2987, 0x1905, 0x3A2A, 0x2146, 0x4269, 0x428A, 0x4249, 0x6BEF, 0x42AB,
  0x2168, 0x2988, 0x0884, 0x0021, 0x0863, 0x0884, 0x10A3, 0x4AAA, 0x4A8B, 0x0883, 0x0863, 0x08A4,
  0x10A5, 0x0863, 0x0021, 0x0000, 0x0000, 0x0863, 0x0021, 0x0000, 0x0020, 0x2124, 0x3A29, 0x424A,
  0x2126, 0x0042, 0x0863, 0x0000, 0x0000, 0x0000, 0x0000, 0x0000, 0x0000, 0x1904, 0x4B0D, 0x2A2A,
  0x0043, 0x0043, 0x0043, 0x0044, 0x0043, 0x0043, 0x0044, 0x0043, 0x0043, 0x2A2B, 0x534E, 0x2145,
  0x0000, 0x0000, 0x0000, 0x0000, 0x0000, 0x0000, 0x0000, 0x0000, 0x0000, 0x0000, 0x0000, 0x0863,
  0x08A4, 0x0021, 0x0863, 0x10E5, 0x428B, 0x31C8, 0x424A, 0x3A49, 0x31E9, 0x31E8, 0x424A, 0x426A,
  0x426A, 0x3A09, 0x320A, 0x320A, 0x320A, 0x320A, 0x2988, 0x424A, 0x426A, 0x29A8, 0x2147, 0x0863,
  0x0000, 0x0000, 0x0000, 0x0863, 0x10E5, 0x1906, 0x1926, 0x3A09, 0x29A8, 0x320A, 0x2988, 0x426A,
  0x4A8A, 0x31EA, 0x2988, 0x2168, 0x31C9, 0x320A, 0x31EA, 0x29C8, 0x530B, 0x4269, 0x1905, 0x2147,
  0x2987, 0x18E5, 0x10C5, 0x52EB, 0x2967, 0x10A4, 0x0862, 0x0863, 0x0884, 0x29A8, 0x4ACD, 0x2967,
  0x10C4, 0x31EA, 0x2146, 0x31C8, 0x29C8, 0x52EB, 0x5B6E, 0x322B, 0x18E5, 0x1906, 0x0863, 0x0021,
  0x0863, 0x0884, 0x2145, 0x6BAE, 0x3A2A, 0x0863, 0x0862, 0x0884, 0x0883, 0x1926, 0x2147, 0x0863,
  0x0021, 0x0863, 0x0001, 0x0841, 0x2165, 0x5B2D, 0x4AAC, 0x3209, 0x18E4, 0x0000, 0x0000, 0x0000,
  0x0000, 0x0000, 0x0000, 0x0000, 0x0000, 0x1924, 0x4B0D, 0x2A0A, 0x0043, 0x0043, 0x0043, 0x0043,
  0x0043, 0x0043, 0x0044, 0x0044, 0x0024, 0x2A0A, 0x534F, 0x2145, 0x0000, 0x0000, 0x0000, 0x0000,
  0x0000, 0x0000, 0x0000, 0x0000, 0x0000, 0x0021, 0x0042, 0x0000, 0x0863, 0x0021, 0x0021, 0x08A4,
  0x31E9, 0x31E8, 0x3A4A, 0x3A2A, 0x3A29, 0x3A29, 0x3209, 0x3209, 0x4ACC, 0x530D, 0x3A4A, 0x320A,
  0x320A, 0x2988, 0x10C4, 0x1925, 0x31C8, 0x10C5, 0x08A5, 0x0884, 0x0863, 0x0021, 0x0021, 0x0021,
  0x0042, 0x0884, 0x1906, 0x2988, 0x31EA, 0x31E9, 0x1926, 0x3209, 0x530C, 0x2988, 0x2147, 0x2147,
  0x2988, 0x31C9, 0x29A8, 0x1946, 0x52EB, 0x4249, 0x2988, 0x31C9, 0x2166, 0x2987, 0x18E5, 0x4AAA,
  0x2146, 0x10A4, 0x0862, 0x10A3, 0x0883, 0x2167, 0x3A4B, 0x2167, 0x0883, 0x2168, 0x31C8, 0x2987,
  0x2147, 0x52EB, 0x4ACB, 0x3A4B, 0x1906, 0x0883, 0x0842, 0x0862, 0x0863, 0x0884, 0x2145, 0x5B2D,
  0x29A7, 0x0021, 0x0842, 0x0842, 0x1905, 0x31E9, 0x2988, 0x10A4, 0x0022, 0x0842, 0x1904, 0x3A29,
  0x4ACB, 0x3A6A, 0x1906, 0x08A4, 0x0021, 0x0000, 0x0000, 0x0000, 0x0000, 0x0000, 0x0000, 0x0000,
  0x0000, 0x1925, 0x4B2E, 0x2A0A, 0x0023, 0x0043, 0x0043, 0x0043, 0x0043, 0x0043, 0x0044, 0x0044,
  0x0024, 0x21EA, 0x534F, 0x2166, 0x0000, 0x0000, 0x0000, 0x0000, 0x0000, 0x0000, 0x0000, 0x0000,
  0x0000, 0x0021, 0x0863, 0x0863, 0x0000, 0x0000, 0x0000, 0x0042, 0x2988, 0x2167, 0x08A4, 0x10C5,
  0x10A4, 0x0863, 0x0043, 0x0884, 0x29C9, 0x530D, 0x52EC, 0x3209, 0x31EA, 0x2988, 0x2988, 0x29C9,
  0x31C9, 0x2167, 0x1906, 0x10A5, 0x10A5, 0x10A5, 0x10C5, 0x10E5, 0x2147, 0x29A8, 0x31EA, 0x320A,
  0x320A, 0x29C9, 0x0863, 0x31C8, 0x52EC, 0x2167, 0x2168, 0x2167, 0x29A8, 0x31E9, 0x29C9, 0x31E8,
  0x5B4C, 0x3A08, 0x2147, 0x1926, 0x2125, 0x3A29, 0x2146, 0x426A, 0x1906, 0x0842, 0x0021, 0x1905,
  0x10A4, 0x31C8, 0x31EA, 0x1925, 0x0862, 0x1905, 0x4249, 0x31C7, 0x10C4, 0x52EB, 0x426A, 0x428B,
  0x1925, 0x0021, 0x0021, 0x0021, 0x0021, 0x0884, 0x3A29, 0x5B4E, 0x2146, 0x0000, 0x0841, 0x0021,
  0x2146, 0x29C9, 0x10E5, 0x0884, 0x10C3, 0x4269, 0x4ACC, 0x4ACC, 0x3209, 0x10A4, 0x0000, 0x0000,
  0x0000, 0x0000, 0x0000, 0x0021, 0x0883, 0x0862, 0x0000, 0x0000, 0x0000, 0x1945, 0x4B2E, 0x29EA,
  0x0023, 0x0043, 0x0044, 0x0043, 0x0044, 0x0043, 0x0044, 0x0044, 0x0044, 0x21A9, 0x534F, 0x2186,
  0x0000, 0x0000, 0x0000, 0x0000, 0x0000, 0x0000, 0x0000, 0x0000, 0x0000, 0x0000, 0x0021, 0x1084,
  0x0862, 0x0000, 0x0862, 0x0842, 0x2146, 0x29A8, 0x0021, 0x0863, 0x0042, 0x0000, 0x0000, 0x0863,
  0x2127, 0x3209, 0x530C, 0x3209, 0x2988, 0x29A9, 0x31C9, 0x320A, 0x320A, 0x31EA, 0x29C9, 0x29A8,
  0x29A9, 0x29A9, 0x31E9, 0x31E9, 0x31EA, 0x320A, 0x320A, 0x320A, 0x29C9, 0x2147, 0x0021, 0x29A7,
  0x5B2C, 0x2147, 0x31C9, 0x2988, 0x2167, 0x2167, 0x1906, 0x29A7, 0x428B, 0x3208, 0x0884, 0x0884,
  0x1926, 0x3A2A, 0x31A7, 0x3A29, 0x1905, 0x0000, 0x0000, 0x2125, 0x10C4, 0x29A8, 0x29C9, 0x29A7,
  0x4A8A, 0x2145, 0x426A, 0x29A8, 0x1904, 0x5B2C, 0x31C8, 0x2126, 0x2125, 0x2165, 0x0000, 0x0000,
  0x0000, 0x0883, 0x426A, 0x4AED, 0x1906, 0x0000, 0x0842, 0x0041, 0x10C4, 0x1906, 0x0883, 0x18E4,
  0x4ACB, 0x530C, 0x4AED, 0x3209, 0x1905, 0x0862, 0x0021, 0x0000, 0x0021, 0x0041, 0x0021, 0x10A4,
  0x0883, 0x0021, 0x0000, 0x0000, 0x0000, 0x2166, 0x4B2E, 0x21A9, 0x0023, 0x0043, 0x0043, 0x0044,
  0x0043, 0x0043, 0x0044, 0x0044, 0x0044, 0x1989, 0x536F, 0x29A7, 0x0000, 0x0000, 0x0000, 0x0000,
  0x0000, 0x0000, 0x0000, 0x0000, 0x0000, 0x0000, 0x0000, 0x0862, 0x10A4, 0x0000, 0x0863, 0x08A4,
  0x10A4, 0x2126, 0x0862, 0x0000, 0x0000, 0x0000, 0x0000, 0x0000, 0x2987, 0x29C8, 0x52EC, 0x428A,
  0x2126, 0x2168, 0x2147, 0x29C9, 0x31EA, 0x31E9, 0x31C8, 0x428A, 0x31E9, 0x320A, 0x320A, 0x320A,
  0x31EA, 0x31EA, 0x31EA, 0x29C9, 0x1906, 0x10A4, 0x0022, 0x2167, 0x638E, 0x2146, 0x10A5, 0x10A5,
  0x1906, 0x2988, 0x2967, 0x1905, 0x2167, 0x3A4A, 0x2125, 0x0864, 0x2987, 0x3A2B, 0x3A09, 0x3A09,
  0x29C8, 0x0021, 0x0000, 0x2125, 0x10A4, 0x1906, 0x29A9, 0x31E8, 0x4ACB, 0x2125, 0x31C9, 0x29A8,
  0x4249, 0x52CB, 0x0884, 0x2145, 0x5B4C, 0x3A49, 0x0000, 0x0000, 0x0000, 0x0883, 0x424A, 0x424B,
  0x10A4, 0x0000, 0x0842, 0x0021, 0x0021, 0x0042, 0x0842, 0x4249, 0x4AAB, 0x2167, 0x31C8, 0x426A,
  0x3A2A, 0x2146, 0x1905, 0x10C4, 0x0883, 0x0842, 0x0883, 0x10A4, 0x0021, 0x0000, 0x0000, 0x0000,
  0x0000, 0x2186, 0x4B2E, 0x1988, 0x0023, 0x0043, 0x0043, 0x0044, 0x0043, 0x0043, 0x0044, 0x0044,
  0x0023, 0x1968, 0x536F, 0x29A7, 0x0000, 0x0000, 0x0000, 0x0000, 0x0000, 0x0000, 0x0000, 0x0000,
  0x0000, 0x0000, 0x0000, 0x0000, 0x0884, 0x0022, 0x0021, 0x0884, 0x10C5, 0x1947, 0x1926, 0x0021,
  0x0000, 0x0000, 0x0000, 0x0000, 0x1905, 0x3A29, 0x3A2A, 0x5B4D, 0x1905, 0x0884, 0x08A5, 0x1926,
  0x29A8, 0x2126, 0x1925, 0x428B, 0x4A8B, 0x3A0A, 0x31EA, 0x31C9, 0x2988, 0x2147, 0x2147, 0x2167,
  0x29C9, 0x1905, 0x0863, 0x10C5, 0x5B6E, 0x3A08, 0x0864, 0x08A5, 0x2147, 0x1906, 0x0884, 0x08A4,
  0x2147, 0x3A29, 0x3A49, 0x0883, 0x31E9, 0x31EA, 0x31E9, 0x29A8, 0x31C9, 0x0021, 0x0000, 0x1905,
  0x10A4, 0x10E6, 0x2988, 0x3A49, 0x4A8B, 0x2966, 0x1906, 0x10C5, 0x52EC, 0x31C8, 0x18E4, 0x532C,
  0x638E, 0x29C8, 0x0021, 0x0000, 0x0000, 0x10A3, 0x3A09, 0x29C9, 0x0884, 0x0021, 0x0862, 0x0842,
  0x0000, 0x0000, 0x2965, 0x5B2D, 0x31E8, 0x0884, 0x0021, 0x0042, 0x0884, 0x10C5, 0x10C4, 0x0883,
  0x0000, 0x0862, 0x10A4, 0x0021, 0x0000, 0x0000, 0x0000, 0x0000, 0x0000, 0x2187, 0x4B2F, 0x1968,
  0x0023, 0x0043, 0x0043, 0x0043, 0x0043, 0x0043, 0x0044, 0x0044, 0x0023, 0x1147, 0x534F, 0x29A7,
  0x0000, 0x0000, 0x0000, 0x0000, 0x0000, 0x0000, 0x0000, 0x0000, 0x0000, 0x0000, 0x0000, 0x0000,
  0x0842, 0x0842, 0x0000, 0x0021, 0x0863, 0x10E5, 0x1926, 0x0883, 0x0842, 0x0000, 0x0000, 0x0000,
  0x0021, 0x2146, 0x29A7, 0x52EC, 0x4269, 0x10A5, 0x2147, 0x2967, 0x1905, 0x0020, 0x0001, 0x0883,
  0x31C8, 0x31C8, 0x2126, 0x2127, 0x29A8, 0x29A8, 0x2988, 0x29A8, 0x2167, 0x10A4, 0x0863, 0x10A4,
  0x4ACB, 0x3A08, 0x10C5, 0x08A4, 0x08A5, 0x10C5, 0x10C5, 0x0884, 0x2967, 0x29C8, 0x428A, 0x10E5,
  0x2987, 0x2147, 0x2987, 0x2147, 0x31C9, 0x0883, 0x0000, 0x0883, 0x1905, 0x10A4, 0x1926, 0x4A8B,
  0x39E9, 0x3A09, 0x0884, 0x0883, 0x3A29, 0x1925, 0x4AAA, 0x5B4D, 0x3A4A, 0x18E6, 0x0042, 0x0000,
  0x0000, 0x10C4, 0x3209, 0x2147, 0x0863, 0x0863, 0x0842, 0x0862, 0x0000, 0x0000, 0x3A08, 0x4A8B,
  0x18E5, 0x0863, 0x0042, 0x0884, 0x0042, 0x0021, 0x0001, 0x0000, 0x0000, 0x0883, 0x0842, 0x0000,
  0x0000, 0x0000, 0x0000, 0x0000, 0x0000, 0x29A7, 0x534F, 0x1147, 0x0023, 0x0023, 0x0043, 0x0043,
  0x0023, 0x0043, 0x0044, 0x0044, 0x0043, 0x1127, 0x534F, 0x29C7, 0x0000, 0x0000, 0x0000, 0x0000,
  0x0000, 0x0000, 0x0000, 0x0000, 0x0000, 0x0000, 0x0000, 0x0000, 0x0042, 0x0883, 0x0000, 0x0000,
  0x0000, 0x0863, 0x10C5, 0x0883, 0x0883, 0x0000, 0x0000, 0x0000, 0x0000, 0x0041, 0x0883, 0x3A09,
  0x638E, 0x2126, 0x10C5, 0x10A4, 0x0863, 0x0042, 0x0043, 0x0843, 0x0883, 0x10A4, 0x10C5, 0x2167,
  0x29A8, 0x2147, 0x1906, 0x1906, 0x10A4, 0x0863, 0x0842, 0x0883, 0x428B, 0x3A29, 0x1906, 0x08A4,
  0x10C5, 0x31C8, 0x31E8, 0x0883, 0x10A4, 0x29A7, 0x42AB, 0x1925, 0x10C5, 0x1906, 0x2167, 0x1926,
  0x31C9, 0x10A4, 0x0000, 0x0020, 0x10A4, 0x0042, 0x2125, 0x426A, 0x2987, 0x3209, 0x0883, 0x0863,
  0x10C5, 0x2987, 0x532C, 0x426A, 0x2988, 0x10A5, 0x0863, 0x0000, 0x0000, 0x18E4, 0x31C9, 0x18E5,
  0x0863, 0x0883, 0x0021, 0x0862, 0x0020, 0x0841, 0x31A7, 0x2966, 0x0884, 0x08A4, 0x0884, 0x0842,
  0x0000, 0x0000, 0x0000, 0x0000, 0x0020, 0x0862, 0x0000, 0x0000, 0x0000, 0x0000, 0x0000, 0x0000,
  0x0000, 0x29A7, 0x4B4F, 0x1127, 0x0023, 0x0023, 0x0043, 0x0043, 0x0043, 0x0023, 0x0044, 0x0044,
  0x0043, 0x1107, 0x534F, 0x29C8, 0x0000, 0x0000, 0x0000, 0x0000, 0x0000, 0x0000, 0x0000, 0x0000,
  0x0000, 0x0000, 0x0000, 0x0000, 0x0021, 0x0883, 0x0041, 0x0000, 0x0000, 0x0000, 0x0883, 0x0884,
  0x0884, 0x0021, 0x0000, 0x0000, 0x0000, 0x0883, 0x0863, 0x10A4, 0x52CC, 0x5B2D, 0x18E5, 0x0884,
  0x08A4, 0x1905, 0x1925, 0x10C5, 0x08A4, 0x08A4, 0x10A5, 0x10C5, 0x10C5, 0x10C5, 0x08A5, 0x08A5,
  0x08A4, 0x0863, 0x0021, 0x0021, 0x3A4A, 0x3A29, 0x08A4, 0x08A5, 0x10A4, 0x29A8, 0x31C8, 0x2125,
  0x0883, 0x1926, 0x4AAB, 0x29A7, 0x08A5, 0x10A4, 0x2987, 0x2988, 0x2147, 0x0884, 0x0042, 0x0021,
  0x0883, 0x10A3, 0x2986, 0x31C8, 0x1906, 0x3A29, 0x1904, 0x0842, 0x10A4, 0x3A09, 0x428B, 0x29A8,
  0x10E5, 0x10A5, 0x0863, 0x0000, 0x0000, 0x10C3, 0x2147, 0x0884, 0x0863, 0x0842, 0x0000, 0x0861,
  0x10A2, 0x18E4, 0x18E5, 0x0884, 0x0884, 0x0863, 0x0883, 0x0000, 0x0000, 0x0000, 0x0021, 0x0021,
  0x0000, 0x0000, 0x0000, 0x0000, 0x0000, 0x0000, 0x0000, 0x0000, 0x0000, 0x21A7, 0x4B2E, 0x1127,
  0x0023, 0x0023, 0x0023, 0x0044, 0x0023, 0x0043, 0x0044, 0x0044, 0x0043, 0x1107, 0x534F, 0x29C8,
  0x0000, 0x0000, 0x0000, 0x0000, 0x0000, 0x0000, 0x0000, 0x0000, 0x0000, 0x0000, 0x0000, 0x0000,
  0x0000, 0x0021, 0x0021, 0x0000, 0x0000, 0x0000, 0x0021, 0x08A4, 0x10A5, 0x0862, 0x0000, 0x0000,
  0x0000, 0x0883, 0x10A4, 0x0042, 0x2146, 0x5B0D, 0x426A, 0x2966, 0x3A29, 0x428A, 0x4ACB, 0x424A,
  0x2126, 0x08A5, 0x10A5, 0x10A5, 0x10A5, 0x10C5, 0x10A5, 0x10A5, 0x08A4, 0x0863, 0x0862, 0x0000,
  0x31E9, 0x530C, 0x08A4, 0x10A5, 0x0884, 0x10C5, 0x1926, 0x2967, 0x0862, 0x0863, 0x428B, 0x426A,
  0x10E5, 0x3A08, 0x4ACC, 0x320A, 0x10C5, 0x0863, 0x0862, 0x0042, 0x0862, 0x29A8, 0x3A29, 0x2167,
  0x10E5, 0x31E8, 0x2186, 0x0000, 0x1904, 0x3A4A, 0x29A8, 0x1926, 0x10A5, 0x0884, 0x0863, 0x0021,
  0x0000, 0x0863, 0x10C5, 0x0022, 0x2145, 0x29C8, 0x29A7, 0x3A29, 0x4A8A, 0x4249, 0x1906, 0x0863,
  0x0021, 0x0862, 0x0021, 0x0021, 0x0862, 0x0883, 0x10A4, 0x0862, 0x0000, 0x0000, 0x0000, 0x0000,
  0x0000, 0x0000, 0x0000, 0x0000, 0x0000, 0x29C8, 0x4B4F, 0x1107, 0x0023, 0x0023, 0x0043, 0x0044,
  0x0043, 0x0043, 0x0044, 0x0044, 0x0043, 0x10E6, 0x534F, 0x29E8, 0x0000, 0x0000, 0x0000, 0x0000,
  0x0000, 0x0000, 0x0000, 0x0000, 0x0000, 0x0000, 0x0000, 0x0000, 0x0000, 0x0000, 0x0000, 0x0000,
  0x0000, 0x0000, 0x0000, 0x0042, 0x0884, 0x0884, 0x0000, 0x0000, 0x0000, 0x0021, 0x0884, 0x08A4,
  0x0042, 0x2146, 0x3A08, 0x31C8, 0x4ACC, 0x428B, 0x3A4A, 0x424A, 0x4A8B, 0x2146, 0x08A4, 0x08A5,
  0x10A5, 0x10A5, 0x10A5, 0x10A5, 0x08A4, 0x0863, 0x0042, 0x0000, 0x2167, 0x4ACB, 0x10C4, 0x10A5,
  0x0884, 0x0884, 0x10C4, 0x18E5, 0x0021, 0x0863, 0x3209, 0x4AEC, 0x2125, 0x426A, 0x4ACB, 0x31C9,
  0x0884, 0x0863, 0x0883, 0x0042, 0x0042, 0x29A8, 0x3A29, 0x2146, 0x10C4, 0x29A7, 0x2165, 0x0000,
  0x2987, 0x31C8, 0x1926, 0x1906, 0x0863, 0x0021, 0x0862, 0x0021, 0x0000, 0x0883, 0x2186, 0x3A6A,
  0x428B, 0x3A4B, 0x31E9, 0x31E8, 0x3A29, 0x2987, 0x0883, 0x0021, 0x0000, 0x0042, 0x0863, 0x10A4,
  0x10A4, 0x0883, 0x0021, 0x0000, 0x0000, 0x0000, 0x0000, 0x0000, 0x0000, 0x0000, 0x0000, 0x0000,
  0x0000, 0x29C8, 0x534F, 0x1106, 0x0023, 0x0023, 0x0043, 0x0044, 0x0043, 0x0043, 0x0044, 0x0044,
  0x0043, 0x10E6, 0x534F, 0x29E8, 0x0000, 0x0000, 0x0000, 0x0000, 0x0000, 0x0000, 0x0000, 0x0000,
  0x0000, 0x0000, 0x0000, 0x0000, 0x0000, 0x0000, 0x0000, 0x0000, 0x0000, 0x0000, 0x0000, 0x0000,
  0x0021, 0x0862, 0x0021, 0x0000, 0x0000, 0x0000, 0x0042, 0x10A5, 0x08A4, 0x0863, 0x10A4, 0x10C5,
  0x1926, 0x2167, 0x2988, 0x29A9, 0x31E9, 0x3A29, 0x2146, 0x10A5, 0x10A5, 0x10A5, 0x10A5, 0x10A5,
  0x0883, 0x0863, 0x0000, 0x0020, 0x2146, 0x3A2A, 0x10A4, 0x10A4, 0x31C7, 0x2166, 0x0883, 0x0884,
  0x0000, 0x0022, 0x10E5, 0x4ACC, 0x39E8, 0x1925, 0x2987, 0x2988, 0x0842, 0x0042, 0x0884, 0x0021,
  0x0042, 0x2167, 0x29C8, 0x10A4, 0x0862, 0x2146, 0x2146, 0x18E4, 0x29A8, 0x10C5, 0x10A5, 0x0884,
  0x0021, 0x0000, 0x0021, 0x0021, 0x1925, 0x42AB, 0x3A8B, 0x3209, 0x2168, 0x10E6, 0x08A4, 0x0884,
  0x0884, 0x10A4, 0x10C5, 0x0042, 0x0863, 0x10A4, 0x10A4, 0x0842, 0x0021, 0x0000, 0x0000, 0x0000,
  0x0000, 0x0000, 0x0000, 0x0000, 0x0000, 0x0000, 0x0000, 0x0000, 0x0000, 0x29E8, 0x536F, 0x08E6,
  0x0023, 0x0023, 0x0023, 0x0044, 0x0043, 0x0043, 0x0043, 0x0044, 0x0043, 0x08E6, 0x4B4F, 0x29E9,
  0x0000, 0x0000, 0x0000, 0x0000, 0x0000, 0x0000, 0x0000, 0x0000, 0x0000, 0x0000, 0x0000, 0x0000,
  0x0000, 0x0000, 0x0000, 0x0000, 0x0000, 0x0000, 0x0000, 0x0000, 0x0000, 0x0000, 0x0000, 0x0000,
  0x0000, 0x0000, 0x0000, 0x0042, 0x0884, 0x10A5, 0x10A5, 0x0883, 0x0863, 0x0021, 0x0883, 0x1906,
  0x2168, 0x2967, 0x39E9, 0x1926, 0x08A4, 0x08A5, 0x10A5, 0x08A4, 0x0863, 0x0843, 0x0000, 0x0020,
  0x1905, 0x3209, 0x10A4, 0x0884, 0x29A7, 0x3A49, 0x0843, 0x0883, 0x0000, 0x0000, 0x0042, 0x3A4A,
  0x4249, 0x2126, 0x10C5, 0x10C5, 0x0021, 0x0042, 0x10A4, 0x0021, 0x0042, 0x2146, 0x29C8, 0x0884,
  0x0021, 0x1905, 0x29A7, 0x2166, 0x1926, 0x10A4, 0x0883, 0x0021, 0x0000, 0x0000, 0x0882, 0x2146,
  0x31E9, 0x320A, 0x2168, 0x10E6, 0x0863, 0x0863, 0x08A4, 0x10A5, 0x10A5, 0x0883, 0x0042, 0x0863,
  0x10A5, 0x0884, 0x0021, 0x0000, 0x0000, 0x0000, 0x0000, 0x0000, 0x0000, 0x0000, 0x0000, 0x0000,
  0x0000, 0x0000, 0x0000, 0x0000, 0x0000, 0x3209, 0x5370, 0x08C6, 0x0023, 0x0043, 0x0043, 0x0044,
  0x0044, 0x0043, 0x0044, 0x0044, 0x0043, 0x08C5, 0x4B4F, 0x3229, 0x0000, 0x0000, 0x0000, 0x0000,
  0x0000, 0x0000, 0x0000, 0x0000, 0x0000, 0x0000, 0x0000, 0x0000, 0x0000, 0x0000, 0x0000, 0x0000,
  0x0000, 0x0000, 0x0000, 0x0000, 0x0000, 0x0000, 0x0000, 0x0000, 0x0000, 0x0000, 0x0000, 0x0000,
  0x0000, 0x0863, 0x0863, 0x0000, 0x0001, 0x0842, 0x0842, 0x0021, 0x10A4, 0x10C4, 0x1926, 0x2967,
  0x18E5, 0x08A4, 0x08A5, 0x0884, 0x0863, 0x0042, 0x0000, 0x0000, 0x10A3, 0x31E9, 0x1905, 0x0042,
  0x2167, 0x3A4A, 0x0883, 0x0862, 0x0000, 0x0000, 0x0042, 0x10C5, 0x1905, 0x2146, 0x10A5, 0x10C5,
  0x0021, 0x0863, 0x0884, 0x0000, 0x0000, 0x1905, 0x29A7, 0x10C4, 0x0000, 0x0883, 0x2146, 0x1905,
  0x10A5, 0x0884, 0x0000, 0x0000, 0x0020, 0x1905, 0x29A8, 0x31C9, 0x2167, 0x1906, 0x0864, 0x0021,
  0x0021, 0x0021, 0x0042, 0x0021, 0x0021, 0x0000, 0x0042, 0x0042, 0x0042, 0x0000, 0x0000, 0x0000,
  0x0000, 0x0000, 0x0000, 0x0000, 0x0000, 0x0000, 0x0000, 0x0000, 0x0000, 0x0000, 0x0000, 0x0000,
  0x0000, 0x324A, 0x5370, 0x08C5, 0x0023, 0x0023, 0x0043, 0x0044, 0x0043, 0x0043, 0x0043, 0x0023,
  0x0043, 0x08A5, 0x3AEE, 0x536F, 0x428B, 0x426A, 0x3A49, 0x3208, 0x29C7, 0x2166, 0x1904, 0x10C3,
  0x08A2, 0x0861, 0x0041, 0x0021, 0x0020, 0x0000, 0x0000, 0x0000, 0x0000, 0x0000, 0x0000, 0x0000,
  0x0000, 0x0000, 0x0000, 0x0000, 0x0000, 0x0000, 0x0000, 0x0000, 0x0000, 0x0000, 0x0001, 0x0000,
  0x0000, 0x0000, 0x0042, 0x0842, 0x0000, 0x0000, 0x0863, 0x10C5, 0x18E5, 0x0863, 0x0884, 0x0863,
  0x0883, 0x0000, 0x0000, 0x0000, 0x0042, 0x29A8, 0x2987, 0x0042, 0x10C5, 0x31E9, 0x10A3, 0x0042,
  0x0000, 0x0000, 0x0863, 0x0884, 0x1925, 0x2147, 0x08A5, 0x0884, 0x0021, 0x0863, 0x0863, 0x0000,
  0x0000, 0x0883, 0x2967, 0x10C4, 0x0000, 0x0021, 0x2126, 0x18E5, 0x0884, 0x0022, 0x0000, 0x10C4,
  0x1926, 0x2987, 0x2126, 0x10C5, 0x0022, 0x0000, 0x0000, 0x0000, 0x0000, 0x0000, 0x0000, 0x0000,
  0x0000, 0x0000, 0x0000, 0x0000, 0x0000, 0x0000, 0x0000, 0x0000, 0x0000, 0x0020, 0x0021, 0x0041,
  0x0862, 0x08A2, 0x10E3, 0x2145, 0x29C7, 0x3208, 0x3A49, 0x3A6A, 0x428B, 0x534F, 0x42EE, 0x08A5,
  0x0023, 0x0023, 0x0043, 0x0043, 0x0044, 0x0043, 0x0023, 0x0023, 0x0043, 0x0884, 0x2A4C, 0x4B50,
  0x4B2F, 0x4B50, 0x4B70, 0x5370, 0x5370, 0x5390, 0x53B0, 0x5BB0, 0x5BB0, 0x5390, 0x5390, 0x538F,
  0x5390, 0x538F, 0x536F, 0x4B6F, 0x4B4E, 0x4B2E, 0x4B2E, 0x4B0D, 0x42EC, 0x42CC, 0x42AB, 0x428B,
  0x3A8B, 0x3A6A, 0x3A49, 0x3229, 0x3209, 0x29E8, 0x29C7, 0x2187, 0x2166, 0x1946, 0x1925, 0x1925,
  0x1905, 0x1904, 0x1105, 0x1925, 0x1926, 0x1926, 0x1105, 0x1105, 0x1104, 0x10E4, 0x10E4, 0x10C4,
  0x10E4, 0x2187, 0x29C8, 0x10E5, 0x1906, 0x1946, 0x10E4, 0x10C3, 0x08C3, 0x10C3, 0x10E5, 0x1906,
  0x1926, 0x1946, 0x1106, 0x1105, 0x10E4, 0x10E5, 0x10E5, 0x10E4, 0x10E4, 0x1905, 0x29A7, 0x1945,
  0x10E4, 0x1104, 0x1946, 0x1946, 0x1925, 0x1966, 0x29C8, 0x29E9, 0x2187, 0x2166, 0x1966, 0x2187,
  0x29C8, 0x3208, 0x3229, 0x3A4A, 0x3A6A, 0x3A8B, 0x3A8B, 0x42AB, 0x42EC, 0x4B0D, 0x4B2E, 0x4B4E,
  0x4B4E, 0x4B4F, 0x536F, 0x536F, 0x536F, 0x4B4F, 0x4B6F, 0x5390, 0x5390, 0x53B0, 0x5BB0, 0x5390,
  0x5390, 0x5390, 0x5370, 0x4B4F, 0x4B2F, 0x4B71, 0x2A6D, 0x0884, 0x0023, 0x0023, 0x0043, 0x0043,
  0x0044, 0x0043, 0x0043, 0x0043, 0x0043, 0x0044, 0x3ACD, 0x4B2F, 0x1947, 0x1948, 0x1968, 0x1989,
  0x1989, 0x19A9, 0x19A9, 0x21CA, 0x21EB, 0x21EB, 0x220B, 0x222C, 0x2A4C, 0x2A6D, 0x2A8D, 0x32AE,
  0x32AE, 0x32EE, 0x3B0F, 0x432F, 0x4350, 0x4B70, 0x4B70, 0x4B91, 0x4BB1, 0x53B1, 0x53B1, 0x53B1,
  0x53D1, 0x5BF2, 0x5BF2, 0x5C12, 0x5BF2, 0x5BF2, 0x53D2, 0x53D1, 0x53D1, 0x53B1, 0x53B1, 0x53B1,
  0x53B0, 0x4B90, 0x4B90, 0x5390, 0x5390, 0x5390, 0x5390, 0x4B90, 0x4B90, 0x5390, 0x53B0, 0x4B90,
  0x5390, 0x5390, 0x4B70, 0x4B70, 0x4B70, 0x4B70, 0x4B70, 0x5390, 0x53B0, 0x4B90, 0x4B90, 0x4B90,
  0x4B90, 0x4B70, 0x4B90, 0x4B90, 0x4BB0, 0x4BB0, 0x4B90, 0x4B90, 0x4B90, 0x4BB0, 0x4BD1, 0x53D1,
  0x53D1, 0x53F2, 0x5C12, 0x53F2, 0x53F2, 0x53F2, 0x53F2, 0x5BF2, 0x5BF2, 0x53F2, 0x53D1, 0x53D1,
  0x53D1, 0x53B1, 0x4B91, 0x4B70, 0x4B70, 0x4350, 0x4330, 0x3B0F, 0x32EE, 0x32AE, 0x328D, 0x2A8D,
  0x2A6D, 0x2A4C, 0x222C, 0x220B, 0x21EB, 0x21CB, 0x19CA, 0x19AA, 0x19A9, 0x1989, 0x1968, 0x1948,
  0x1968, 0x4B4F, 0x3ACE, 0x0044, 0x0023, 0x0043, 0x0043, 0x0043, 0x0044, 0x0043, 0x0043, 0x0044,
  0x0043, 0x0023, 0x3AAD, 0x42EE, 0x0884, 0x0023, 0x0023, 0x0023, 0x0023, 0x0023, 0x0023, 0x0023,
  0x0023, 0x0023, 0x0023, 0x0023, 0x0044, 0x0044, 0x0044, 0x0064, 0x0064, 0x0085, 0x08A5, 0x08C6,
  0x10E6, 0x1107, 0x1127, 0x1947, 0x1148, 0x1968, 0x1168, 0x1168, 0x1168, 0x1168, 0x1168, 0x1189,
  0x1189, 0x1189, 0x19A9, 0x19A9, 0x19A9, 0x19AA, 0x19AA, 0x19CA, 0x19AA, 0x19CA, 0x19CA, 0x19CA,
  0x19CA, 0x19EA, 0x19EB, 0x19EB, 0x21EB, 0x220B, 0x19EB, 0x19EB, 0x1A0B, 0x1A0B, 0x220B, 0x21EB,
  0x21EB, 0x19EB, 0x21EB, 0x220B, 0x220B, 0x19EB, 0x21EB, 0x19EB, 0x19EB, 0x19CA, 0x19CB, 0x19EB,
  0x19EB, 0x19EB, 0x19CA, 0x19CA, 0x19AA, 0x19AA, 0x19AA, 0x19AA, 0x19AA, 0x19AA, 0x198A, 0x1989,
  0x1189, 0x1189, 0x1189, 0x1169, 0x1169, 0x1168, 0x1168, 0x1148, 0x1148, 0x1148, 0x1147, 0x1127,
  0x1127, 0x10E6, 0x08E6, 0x08A5, 0x0085, 0x0064, 0x0064, 0x0044, 0x0044, 0x0044, 0x0024, 0x0024,
  0x0024, 0x0023, 0x0023, 0x0023, 0x0023, 0x0023, 0x0023, 0x0023, 0x0884, 0x42ED, 0x3ACE, 0x0023,
  0x0043, 0x0043, 0x0043, 0x0043, 0x0044, 0x0043, 0x0043, 0x0044, 0x0043, 0x0023, 0x326C, 0x430E,
  0x08A4, 0x0043, 0x0044, 0x0043, 0x0043, 0x0044, 0x0043, 0x0043, 0x0044, 0x0044, 0x0043, 0x0043,
  0x0043, 0x0023, 0x1043, 0x1063, 0x1063, 0x0023, 0x0023, 0x0003, 0x0003, 0x0044, 0x0044, 0x0044,
  0x0044, 0x0044, 0x0044, 0x0044, 0x0044, 0x0044, 0x0044, 0x0044, 0x0044, 0x0044, 0x0044, 0x0044,
  0x0023, 0x0023, 0x0023, 0x0023, 0x0024, 0x0024, 0x0024, 0x0044, 0x0044, 0x0044, 0x0044, 0x0044,
  0x0044, 0x0044, 0x0044, 0x0044, 0x0044, 0x0044, 0x0044, 0x0024, 0x0023, 0x0023, 0x0023, 0x0023,
  0x0024, 0x0024, 0x0024, 0x0023, 0x0023, 0x0023, 0x0023, 0x0023, 0x0023, 0x0024, 0x0024, 0x0023,
  0x0023, 0x0023, 0x0023, 0x0023, 0x0023, 0x0023, 0x0023, 0x0003, 0x0004, 0x0003, 0x0003, 0x0003,
  0x0003, 0x0003, 0x0003, 0x0003, 0x0003, 0x0003, 0x0003, 0x0003, 0x0003, 0x0003, 0x0003, 0x0023,
  0x0823, 0x1042, 0x0843, 0x0023, 0x0023, 0x0023, 0x0044, 0x0044, 0x0043, 0x0043, 0x0043, 0x0044,
  0x0044, 0x0043, 0x0043, 0x0023, 0x0884, 0x42EE, 0x32AD, 0x0023, 0x0043, 0x0044, 0x0043, 0x0043,
  0x0044, 0x0043, 0x0044, 0x0044, 0x0044, 0x0023, 0x2A2B, 0x4B0E, 0x10A4, 0x0044, 0x0044, 0x0044,
  0x0044, 0x0044, 0x0044, 0x0043, 0x0043, 0x0044, 0x0044, 0x0043, 0x0043, 0x0044, 0x0044, 0x0044,
  0x0044, 0x0044, 0x0044, 0x0044, 0x0044, 0x0044, 0x0044, 0x0044, 0x0044, 0x0044, 0x0044, 0x0044,
  0x0044, 0x0044, 0x0044, 0x0044, 0x0044, 0x0044, 0x0044, 0x0044, 0x0044, 0x0044, 0x0044, 0x0044,
  0x0044, 0x0044, 0x0044, 0x0044, 0x0044, 0x0044, 0x0044, 0x0044, 0x0044, 0x0044, 0x0044, 0x0044,
  0x0044, 0x0044, 0x0044, 0x0044, 0x0044, 0x0044, 0x0044, 0x0044, 0x0044, 0x0044, 0x0044, 0x0044,
  0x0044, 0x0044, 0x0044, 0x0044, 0x0044, 0x0044, 0x0044, 0x0044, 0x0044, 0x0044, 0x0044, 0x0044,
  0x0044, 0x0044, 0x0044, 0x0044, 0x0044, 0x0044, 0x0044, 0x0044, 0x0044, 0x0044, 0x0044, 0x0044,
  0x0044, 0x0044, 0x0044, 0x0044, 0x0044, 0x0044, 0x0044, 0x0044, 0x0044, 0x0044, 0x0044, 0x0044,
  0x0044, 0x0044, 0x0044, 0x0044, 0x0044, 0x0044, 0x0044, 0x0044, 0x0044, 0x0044, 0x0044, 0x0043,
  0x08A4, 0x430E, 0x326C, 0x0023, 0x0043, 0x0044, 0x0043, 0x0023, 0x0044, 0x0043, 0x0044, 0x0044,
  0x0044, 0x0023, 0x21EA, 0x4B2E, 0x10A4, 0x0044, 0x0044, 0x0044, 0x0044, 0x0044, 0x0044, 0x0044,
  0x0043, 0x0044, 0x0044, 0x0044, 0x0044, 0x0044, 0x0044, 0x0044, 0x0044, 0x0044, 0x0044, 0x0044,
  0x0044, 0x0044, 0x0044, 0x0044, 0x0044, 0x0044, 0x0044, 0x0044, 0x0044, 0x0044, 0x0044, 0x0044,
  0x0044, 0x0044, 0x0044, 0x0044, 0x0044, 0x0044, 0x0044, 0x0044, 0x0044, 0x0044, 0x0044, 0x0044,
  0x0044, 0x0044, 0x0044, 0x0044, 0x0044, 0x0044, 0x0044, 0x0044, 0x0044, 0x0044, 0x0044, 0x0044,
  0x0044, 0x0044, 0x0044, 0x0044, 0x0044, 0x0044, 0x0044, 0x0044, 0x0044, 0x0044, 0x0044, 0x0044,
  0x0044, 0x0044, 0x0044, 0x0044, 0x0044, 0x0044, 0x0044, 0x0044, 0x0044, 0x0044, 0x0044, 0x0044,
  0x0044, 0x0044, 0x0044, 0x0044, 0x0044, 0x0044, 0x0044, 0x0044, 0x0044, 0x0044, 0x0044, 0x0044,
  0x0044, 0x0044, 0x0044, 0x0044, 0x0044, 0x0044, 0x0044, 0x0044, 0x0044, 0x0044, 0x0044, 0x0043,
  0x0044, 0x0043, 0x0044, 0x0044, 0x0044, 0x0044, 0x0044, 0x0044, 0x08A5, 0x4B2E, 0x2A2B, 0x0023,
  0x0043, 0x0044, 0x0043, 0x0023, 0x0043, 0x0043, 0x0043, 0x0044, 0x0043, 0x0023, 0x19A9, 0x4B4F,
  0x10C5, 0x0044, 0x0044, 0x0044, 0x0044, 0x0044, 0x0044, 0x0043, 0x0043, 0x0044, 0x0044, 0x0044,
  0x0044, 0x0044, 0x0044, 0x0044, 0x0044, 0x0044, 0x0044, 0x0044, 0x0044, 0x0044, 0x0044, 0x0044,
  0x0044, 0x0044, 0x0044, 0x0044, 0x0044, 0x0044, 0x0044, 0x0044, 0x0044, 0x0044, 0x0044, 0x0044,
  0x0044, 0x0044, 0x0044, 0x0044, 0x0044, 0x0044, 0x0044, 0x0044, 0x0044, 0x0044, 0x0044, 0x0044,
  0x0044, 0x0044, 0x0044, 0x0044, 0x0044, 0x0044, 0x0044, 0x0044, 0x0044, 0x0044, 0x0044, 0x0044,
  0x0044, 0x0044, 0x0044, 0x0044, 0x0044, 0x0044, 0x0044, 0x0044, 0x0044, 0x0044, 0x0044, 0x0044,
  0x0044, 0x0044, 0x0044, 0x0044, 0x0044, 0x0044, 0x0044, 0x0044, 0x0044, 0x0044, 0x0044, 0x0044,
  0x0044, 0x0044, 0x0044, 0x0044, 0x0044, 0x0044, 0x0044, 0x0044, 0x0044, 0x0044, 0x0044, 0x0044,
  0x0044, 0x0044, 0x0044, 0x0044, 0x0044, 0x0044, 0x0044, 0x0044, 0x0044, 0x0044, 0x0044, 0x0044,
  0x0044, 0x0044, 0x0043, 0x0044, 0x10C5, 0x536F, 0x21CA, 0x0023, 0x0043, 0x0044, 0x0043, 0x0043,
  0x0043, 0x0043, 0x0043, 0x0044, 0x0043, 0x0023, 0x1989, 0x4B4F, 0x10E5, 0x0043, 0x0044, 0x0044,
  0x0044, 0x0044, 0x0044, 0x0044, 0x0044, 0x0044, 0x0044, 0x0044, 0x0044, 0x0044, 0x0044, 0x0044,
  0x0044, 0x0044, 0x0044, 0x0044, 0x0044, 0x0044, 0x0044, 0x0044, 0x0044, 0x0044, 0x0044, 0x0044,
  0x0044, 0x0044, 0x0044, 0x0044, 0x0044, 0x0044, 0x0044, 0x0044, 0x0044, 0x0044, 0x0044, 0x0044,
  0x0044, 0x0044, 0x0044, 0x0044, 0x0044, 0x0044, 0x0044, 0x0044, 0x0044, 0x0044, 0x0044, 0x0044,
  0x0044, 0x0044, 0x0044, 0x0044, 0x0044, 0x0044, 0x0044, 0x0044, 0x0044, 0x0044, 0x0044, 0x0044,
  0x0044, 0x0044, 0x0044, 0x0044, 0x0044, 0x0044, 0x0044, 0x0044, 0x0044, 0x0044, 0x0044, 0x0044,
  0x0044, 0x0044, 0x0044, 0x0044, 0x0044, 0x0044, 0x0044, 0x0044, 0x0044, 0x0044, 0x0044, 0x0044,
  0x0044, 0x0044, 0x0044, 0x0044, 0x0044, 0x0044, 0x0044, 0x0044, 0x0044, 0x0044, 0x0044, 0x0044,
  0x0044, 0x0044, 0x0044, 0x0044, 0x0044, 0x0044, 0x0044, 0x0044, 0x0044, 0x0044, 0x0043, 0x0043,
  0x10C5, 0x4B2E, 0x19AA, 0x0023, 0x0043, 0x0044, 0x0043, 0x0043, 0x0044, 0x0044, 0x0044, 0x0044,
  0x0044, 0x0023, 0x1148, 0x536F, 0x10E5, 0x0023, 0x0043, 0x0043, 0x0044, 0x0043, 0x0044, 0x0044,
  0x0044, 0x0044, 0x0044, 0x0044, 0x0043, 0x0044, 0x0044, 0x0044, 0x0044, 0x0044, 0x0044, 0x0044,
  0x0044, 0x0044, 0x0044, 0x0044, 0x0044, 0x0044, 0x0044, 0x0044, 0x0044, 0x0044, 0x0044, 0x0044,
  0x0044, 0x0044, 0x0044, 0x0044, 0x0044, 0x0044, 0x0044, 0x0044, 0x0044, 0x0044, 0x0044, 0x0044,
  0x0044, 0x0044, 0x0044, 0x0044, 0x0044, 0x0044, 0x0044, 0x0044, 0x0044, 0x0044, 0x0044, 0x0044,
  0x0044, 0x0044, 0x0044, 0x0044, 0x0044, 0x0044, 0x0044, 0x0044, 0x0044, 0x0044, 0x0044, 0x0044,
  0x0044, 0x0044, 0x0044, 0x0044, 0x0044, 0x0044, 0x0044, 0x0044, 0x0044, 0x0044, 0x0044, 0x0044,
  0x0044, 0x0044, 0x0044, 0x0044, 0x0044, 0x0044, 0x0044, 0x0044, 0x0044, 0x0044, 0x0044, 0x0044,
  0x0044, 0x0044, 0x0044, 0x0044, 0x0044, 0x0044, 0x0044, 0x0044, 0x0044, 0x0044, 0x0044, 0x0044,
  0x0044, 0x0044, 0x0044, 0x0044, 0x0044, 0x0044, 0x0043, 0x0043, 0x10C5, 0x4B2F, 0x21CA, 0x0043,
  0x0044, 0x0044, 0x0044, 0x0043, 0x0044, 0x0044, 0x0044, 0x0044, 0x0044, 0x0023, 0x1128, 0x5370,
  0x2167, 0x0884, 0x0064, 0x0043, 0x0043, 0x0043, 0x0043, 0x0043, 0x0023, 0x0023, 0x0023, 0x0023,
  0x0023, 0x0044, 0x0044, 0x0044, 0x0044, 0x0044, 0x0044, 0x0044, 0x0044, 0x0044, 0x0044, 0x0044,
  0x0044, 0x0044, 0x0044, 0x0044, 0x0044, 0x0044, 0x0044, 0x0044, 0x0044, 0x0044, 0x0044, 0x0044,
  0x0044, 0x0044, 0x0044, 0x0044, 0x0044, 0x0044, 0x0044, 0x0044, 0x0044, 0x0044, 0x0044, 0x0044,
  0x0044, 0x0044, 0x0044, 0x0044, 0x0044, 0x0044, 0x0044, 0x0044, 0x0044, 0x0044, 0x0044, 0x0044,
  0x0044, 0x0044, 0x0044, 0x0044, 0x0044, 0x0044, 0x0044, 0x0044, 0x0044, 0x0044, 0x0044, 0x0044,
  0x0044, 0x0044, 0x0044, 0x0044, 0x0044, 0x0044, 0x0044, 0x0044, 0x0044, 0x0044, 0x0044, 0x0044,
  0x0044, 0x0044, 0x0044, 0x0044, 0x0044, 0x0044, 0x0044, 0x0044, 0x0044, 0x0044, 0x0044, 0x0044,
  0x0044, 0x0044, 0x0044, 0x0044, 0x0023, 0x0023, 0x0023, 0x0023, 0x0023, 0x0043, 0x0043, 0x0043,
  0x0043, 0x0043, 0x0864, 0x0884, 0x2967, 0x5B90, 0x21EA, 0x0023, 0x0044, 0x0044, 0x0044, 0x0044,
  0x0044, 0x0044, 0x0044, 0x0044, 0x0044, 0x0043, 0x0085, 0x3ACE, 0x4B0E, 0x3A8C, 0x3A8C, 0x3A6B,
  0x3A6B, 0x3A6B, 0x3A6B, 0x3A6B, 0x3A6B, 0x3A4A, 0x3A4A, 0x320A, 0x31E9, 0x29C9, 0x29C8, 0x2188,
  0x2167, 0x1946, 0x1105, 0x08A4, 0x0864, 0x0043, 0x0043, 0x0023, 0x0003, 0x0003, 0x0003, 0x0003,
  0x0003, 0x0003, 0x0003, 0x0003, 0x0002, 0x0002, 0x0002, 0x0003, 0x0002, 0x0002, 0x0002, 0x0002,
  0x0002, 0x0002, 0x0003, 0x0002, 0x0002, 0x0002, 0x0003, 0x0003, 0x0003, 0x0003, 0x0003, 0x0003,
  0x0003, 0x0003, 0x0003, 0x0003, 0x0002, 0x0002, 0x0002, 0x0003, 0x0003, 0x0003, 0x0003, 0x0003,
  0x0003, 0x0003, 0x0003, 0x0003, 0x0003, 0x0003, 0x0003, 0x0003, 0x0002, 0x0002, 0x0002, 0x0003,
  0x0003, 0x0003, 0x0003, 0x0003, 0x0003, 0x0003, 0x0003, 0x0003, 0x0003, 0x0003, 0x0003, 0x0003,
  0x0003, 0x0023, 0x0023, 0x0043, 0x0864, 0x0884, 0x10C5, 0x1906, 0x1946, 0x2167, 0x2188, 0x29C8,
  0x29E9, 0x31E9, 0x320A, 0x3A4A, 0x3A4B, 0x3A4B, 0x3A6B, 0x3A6B, 0x3A6B, 0x3A6B, 0x3A8C, 0x42AD,
  0x636F, 0x5B90, 0x1968, 0x0023, 0x0044, 0x0044, 0x0044, 0x0043, 0x0044, 0x0043, 0x0044, 0x0044,
  0x0044, 0x0043, 0x0043, 0x08E6, 0x324C, 0x3AAD, 0x3ACE, 0x3ACE, 0x3ACE, 0x42EE, 0x42EE, 0x430E,
  0x430F, 0x432F, 0x4B2F, 0x4B2F, 0x4B2F, 0x4B4F, 0x4B50, 0x4B50, 0x4B4F, 0x4B4F, 0x4B4F, 0x4B2F,
  0x4B2F, 0x432E, 0x430E, 0x42EE, 0x42EE, 0x42ED, 0x42ED, 0x42ED, 0x42ED, 0x42ED, 0x42ED, 0x42CC,
  0x3ACC, 0x42AC, 0x3AAC, 0x3A8C, 0x3A6B, 0x3A6B, 0x3A6B, 0x3A6B, 0x3A6B, 0x3A6B, 0x3A4A, 0x322A,
  0x3209, 0x3209, 0x29E9, 0x29C8, 0x29C8, 0x29C8, 0x29A8, 0x21A8, 0x2188, 0x2187, 0x2187, 0x2187,
  0x2187, 0x2187, 0x2187, 0x2187, 0x2187, 0x2187, 0x2188, 0x21A8, 0x29A8, 0x29C8, 0x29C8, 0x29E9,
  0x29E9, 0x2A09, 0x322A, 0x324A, 0x3A6A, 0x3A6B, 0x3A6B, 0x3A6B, 0x3A8B, 0x3A8B, 0x3A8C, 0x3AAC,
  0x3AAC, 0x42CC, 0x42CD, 0x42CD, 0x42ED, 0x42ED, 0x42ED, 0x42ED, 0x430E, 0x430E, 0x430E, 0x432E,
  0x4B2F, 0x4B4F, 0x4B2F, 0x4B2F, 0x4B4F, 0x4B2F, 0x4B2F, 0x4B50, 0x4B4F, 0x4B2F, 0x432F, 0x432F,
  0x430F, 0x430F, 0x430E, 0x42EE, 0x3AEE, 0x3ACE, 0x3ACE, 0x3ACE, 0x4AEE, 0x21CA, 0x0864, 0x0043,
  0x0044, 0x0044, 0x0044, 0x0043, 0x0044, 0x0023, 0x0023, 0x0043, 0x0043, 0x0044, 0x0043, 0x0023,
  0x0064, 0x08A5, 0x08A5, 0x08C5, 0x08C6, 0x08E6, 0x08E6, 0x1106, 0x1107, 0x1127, 0x1948, 0x1968,
  0x1989, 0x21A9, 0x21EA, 0x21EA, 0x220B, 0x2A2B, 0x2A2B, 0x2A4C, 0x2A4C, 0x2A6C, 0x2A6C, 0x2A6D,
  0x326D, 0x328D, 0x32AE, 0x32AE, 0x3ACE, 0x3AEE, 0x3AEE, 0x3B0F, 0x3B0F, 0x432F, 0x4330, 0x4330,
  0x4350, 0x4350, 0x4B70, 0x4B90, 0x4B91, 0x4B91, 0x4B90, 0x4B90, 0x4B90, 0x4B91, 0x4BB1, 0x4BB1,
  0x4B91, 0x53B1, 0x53B1, 0x53B1, 0x53B1, 0x53B1, 0x53B1, 0x53B1, 0x53B1, 0x53B1, 0x53B1, 0x4BB1,
  0x4BB1, 0x4BB1, 0x53B1, 0x53B1, 0x53B1, 0x53B1, 0x53B1, 0x4BB1, 0x4B91, 0x4B91, 0x4B91, 0x4B91,
  0x4B91, 0x4B90, 0x4B70, 0x4B70, 0x4350, 0x4350, 0x432F, 0x432F, 0x3B0F, 0x3B0F, 0x3B0F, 0x3AEE,
  0x32CE, 0x32CE, 0x32AE, 0x32AE, 0x32AD, 0x328D, 0x328D, 0x2A6D, 0x2A6D, 0x2A6C, 0x2A4C, 0x2A2C,
  0x2A0B, 0x21EB, 0x21EA, 0x21CA, 0x21A9, 0x1989, 0x1968, 0x1148, 0x1127, 0x1107, 0x1106, 0x08E6,
  0x08E6, 0x08C5, 0x08C5, 0x08A5, 0x08A5, 0x0864, 0x0043, 0x0043, 0x0044, 0x0043, 0x0043, 0x0043,
  0x0043, 0x0023, 0x0023, 0x0043, 0x0043, 0x0044, 0x0044, 0x0044, 0x0043, 0x0044, 0x0044, 0x0044,
  0x0043, 0x0043, 0x0023, 0x0023, 0x0043, 0x0043, 0x0043, 0x0043, 0x0043, 0x0044, 0x0044, 0x0044,
  0x0044, 0x0064, 0x0064, 0x0064, 0x0064, 0x0064, 0x0064, 0x0064, 0x0084, 0x0085, 0x0085, 0x0885,
  0x08A5, 0x08A5, 0x08C5, 0x08C6, 0x08E6, 0x1106, 0x1127, 0x1147, 0x1147, 0x1948, 0x1948, 0x1968,
  0x1968, 0x1988, 0x1989, 0x1989, 0x1989, 0x1989, 0x19A9, 0x19A9, 0x19A9, 0x19AA, 0x19AA, 0x19CA,
  0x19CA, 0x19CA, 0x19CA, 0x19CA, 0x19CA, 0x19CA, 0x19CA, 0x19CA, 0x19CA, 0x19CA, 0x19CA, 0x19AA,
  0x19AA, 0x19AA, 0x19AA, 0x19A9, 0x19A9, 0x1989, 0x1989, 0x1989, 0x1989, 0x1968, 0x1968, 0x1948,
  0x1148, 0x1127, 0x1127, 0x1127, 0x1106, 0x08E6, 0x08C6, 0x08C5, 0x08A5, 0x08A5, 0x0085, 0x0085,
  0x0084, 0x0084, 0x0064, 0x0064, 0x0064, 0x0064, 0x0064, 0x0064, 0x0044, 0x0044, 0x0044, 0x0044,
  0x0044, 0x0044, 0x0043, 0x0043, 0x0023, 0x0043, 0x0043, 0x0043, 0x0043, 0x0043, 0x0044, 0x0044,
  0x0044, 0x0044, 0x0043, 0x0043, 0x0043, 0x0043, 0x0043, 0x0043, 0x0043, 0x0043, 0x0044, 0x0044,
  0x0044, 0x0044, 0x0044, 0x0044, 0x0044, 0x0043, 0x0043, 0x0044, 0x0043, 0x0043, 0x0043, 0x0023,
  0x0043, 0x0043, 0x0043, 0x0044, 0x0043, 0x0043, 0x0043, 0x0044, 0x0044, 0x0044, 0x0043, 0x0043,
  0x0043, 0x0023, 0x0043, 0x0043, 0x0023, 0x0043, 0x0043, 0x0023, 0x0043, 0x0023, 0x0023, 0x0043,
  0x0043, 0x0043, 0x0023, 0x0023, 0x0023, 0x0023, 0x0023, 0x0023, 0x0023, 0x0023, 0x0023, 0x0023,
  0x0023, 0x0023, 0x0023, 0x0023, 0x0023, 0x0023, 0x0023, 0x0023, 0x0023, 0x0023, 0x0023, 0x0023,
  0x0023, 0x0023, 0x0023, 0x0023, 0x0023, 0x0023, 0x0023, 0x0023, 0x0023, 0x0023, 0x0023, 0x0023,
  0x0023, 0x0023, 0x0023, 0x0023, 0x0023, 0x0023, 0x0023, 0x0023, 0x0023, 0x0023, 0x0023, 0x0023,
  0x0023, 0x0023, 0x0043, 0x0023, 0x0043, 0x0043, 0x0043, 0x0043, 0x0023, 0x0044, 0x0023, 0x0043,
  0x0043, 0x0043, 0x0023, 0x0043, 0x0043, 0x0044, 0x0044, 0x0044, 0x0044, 0x0044, 0x0043, 0x0023,
  0x0023, 0x0043, 0x0043, 0x0043, 0x0043, 0x0043, 0x0044, 0x0044, 0x0044, 0x0044, 0x0023, 0x0023,
  0x0043, 0x0043, 0x0043, 0x0043, 0x0044, 0x0044, 0x0044, 0x0044, 0x0044, 0x0044, 0x0044, 0x0044,
  0x0043, 0x0043, 0x0043, 0x0043, 0x0043, 0x0043, 0x0043, 0x0043, 0x0043, 0x0043, 0x0043, 0x0043,
  0x0043, 0x0043, 0x0043, 0x0043, 0x0044, 0x0044, 0x0043, 0x0043, 0x0043, 0x0043, 0x0043, 0x0044,
  0x0044, 0x0044, 0x0044, 0x0043, 0x0044, 0x0044, 0x0044, 0x0044, 0x0044, 0x0043, 0x0044, 0x0044,
  0x0044, 0x0044, 0x0044, 0x0044, 0x0044, 0x0044, 0x0044, 0x0044, 0x0044, 0x0044, 0x0044, 0x0044,
  0x0043, 0x0043, 0x0043, 0x0043, 0x0043, 0x0043, 0x0043, 0x0043, 0x0043, 0x0043, 0x0043, 0x0043,
  0x0043, 0x0043, 0x0043, 0x0043, 0x0043, 0x0043, 0x0043, 0x0043, 0x0043, 0x0043, 0x0043, 0x0044,
  0x0044, 0x0044, 0x0044, 0x0044, 0x0043, 0x0043, 0x0043, 0x0043, 0x0044, 0x0044, 0x0044, 0x0044,
  0x0044, 0x0044, 0x0044, 0x0044, 0x0044, 0x0044, 0x0044, 0x0044, 0x0044, 0x0044, 0x0044, 0x0044,
  0x0044, 0x0044, 0x0044, 0x0044, 0x0044, 0x0044, 0x0044, 0x0044, 0x0044, 0x0044, 0x0044, 0x0044,
  0x0024, 0x0044, 0x0044, 0x0044, 0x0044, 0x0044, 0x0043, 0x0043, 0x0044, 0x0044, 0x0043, 0x0044,
  0x0043, 0x0044, 0x0044, 0x0044, 0x0044, 0x0044, 0x0044, 0x0044, 0x0044, 0x0044, 0x0044, 0x0044,
  0x0044, 0x0044, 0x0044, 0x0044, 0x0043, 0x0044, 0x0044, 0x0044, 0x0044, 0x0044, 0x0044, 0x0043,
  0x0044, 0x0844, 0x0044, 0x0044, 0x0044, 0x0044, 0x0044, 0x0844, 0x0843, 0x0044, 0x0044, 0x0043,
  0x0044, 0x0044, 0x0044, 0x0044, 0x0044, 0x0044, 0x0044, 0x0044, 0x0044, 0x0044, 0x0044, 0x0044,
  0x0044, 0x0044, 0x0044, 0x0044, 0x0044, 0x0044, 0x0044, 0x0044, 0x0044, 0x0044, 0x0044, 0x0044,
  0x0044, 0x0044, 0x0044, 0x0044, 0x0044, 0x0044, 0x0044, 0x0043, 0x0844, 0x0043, 0x0044, 0x0044,
  0x0044, 0x0044, 0x0043, 0x0044, 0x0044, 0x0044, 0x0044, 0x0044, 0x0044, 0x0044, 0x0044, 0x0044,
  0x0044, 0x0044, 0x0044, 0x0044, 0x0044, 0x0044, 0x0044, 0x0044, 0x0044, 0x0044, 0x0044, 0x0044,
  0x0044, 0x0044, 0x0044, 0x0044, 0x0044, 0x0044, 0x0044, 0x0044, 0x0044, 0x0044, 0x0044, 0x0044,
  0x0044, 0x0044, 0x0044, 0x0044, 0x0044, 0x0044, 0x0044, 0x0044, 0x0044, 0x0044, 0x0044, 0x0044,
  0x0044, 0x0044, 0x0044, 0x0044, 0x0844, 0x0044, 0x0844, 0x0844
};

#endif
